000000000000000121000010222,-1.556,2.69,0.711,0,0,2017/12/01 19:51:01,274,0.02
000000000000000121000010226,-2.994,1.408,0.906,0,0,2017/12/01 19:51:01,301,0.044
000000000000000121000011023,-1.546,1.035,0.421,0,0,2017/12/01 19:51:01,328,0.136
000000000000000121000011103,-3.459,1.124,0.656,0,0,2017/12/01 19:51:01,355,0.22
000000000000000121000011096,-2.189,1.387,0.692,0,0,2017/12/01 19:51:01,382,0.036
000000000000000121000010223,-2.172,1.591,0.662,0,0,2017/12/01 19:51:01,409,0.076
000000000000000121000011108,-2.187,1.421,0.521,0,0,2017/12/01 19:51:01,436,0.214
000000000000000121000011109,-2.178,1.352,0.716,0,0,2017/12/01 19:51:01,463,0.059
000000000000000121000010222,-2.239,2.767,1.078,0,0,2017/12/01 19:51:01,490,0.062
000000000000000121000011086,-1.924,1.47,0.663,0,0,2017/12/01 19:51:01,517,0.093
000000000000000121000011023,-1.86,0.979,0.417,0,0,2017/12/01 19:51:01,544,0.016
000000000000000121000011103,-3.455,0.918,0.756,0,0,2017/12/01 19:51:01,571,0.068
000000000000000121000011096,-2.184,1.363,0.671,0,0,2017/12/01 19:51:01,598,0.058
000000000000000121000010223,-2.196,1.637,0.697,0,0,2017/12/01 19:51:01,625,0.094
000000000000000121000011108,-2.18,1.384,0.564,0,0,2017/12/01 19:51:01,652,0.201
000000000000000121000010227,-3.225,2.697,0.713,0,0,2017/12/01 19:51:01,679,0.035
000000000000000121000010222,-1.405,2.743,0.769,0,0,2017/12/01 19:51:01,706,0.099
000000000000000121000010226,-3.153,1.307,0.898,0,0,2017/12/01 19:51:01,733,0.085
000000000000000121000011023,-1.544,1.04,0.365,0,0,2017/12/01 19:51:01,760,0.156
000000000000000121000011103,-3.446,1.116,0.658,0,0,2017/12/01 19:51:01,788,0.187
000000000000000121000011096,-2.218,1.388,0.763,0,0,2017/12/01 19:51:01,815,0.01
000000000000000121000010223,-2.186,1.607,0.707,0,0,2017/12/01 19:51:01,842,0.076
000000000000000121000011108,-2.185,1.391,0.548,0,0,2017/12/01 19:51:01,869,0.415
000000000000000121000011109,-2.157,1.305,0.645,0,0,2017/12/01 19:51:01,896,0.03
000000000000000121000010222,-1.495,2.721,0.792,0,0,2017/12/01 19:51:01,923,0.09
000000000000000121000011086,-1.979,1.436,0.71,0,0,2017/12/01 19:51:01,950,0.087
000000000000000121000011023,-1.569,0.993,0.404,0,0,2017/12/01 19:51:01,977,0.18
000000000000000121000011103,-3.447,1.121,0.679,0,0,2017/12/01 19:51:02,4,0.196
000000000000000121000011096,-2.13,1.394,0.666,0,0,2017/12/01 19:51:02,31,0.054
000000000000000121000010223,-2.224,1.728,0.751,0,0,2017/12/01 19:51:02,58,0.069
000000000000000121000011108,-2.159,1.372,0.627,0,0,2017/12/01 19:51:02,85,0.157
000000000000000121000010227,-3.215,2.646,0.718,0,0,2017/12/01 19:51:02,112,0.034
000000000000000121000010222,-1.424,2.601,0.965,0,0,2017/12/01 19:51:02,139,0.037
000000000000000121000010226,-3.206,1.441,0.817,0,0,2017/12/01 19:51:02,166,0.014
000000000000000121000011023,-1.6,1.124,0.924,0,0,2017/12/01 19:51:02,193,0.21
000000000000000121000011103,-3.434,1.09,0.681,0,0,2017/12/01 19:51:02,220,0.189
000000000000000121000011096,-2.095,1.424,0.63,0,0,2017/12/01 19:51:02,247,0.057
000000000000000121000010223,-2.235,1.591,0.687,0,0,2017/12/01 19:51:02,274,0.079
000000000000000121000011108,-2.197,1.394,0.506,0,0,2017/12/01 19:51:02,301,0.18
000000000000000121000011109,-2.187,1.341,0.677,0,0,2017/12/01 19:51:02,328,0.046
000000000000000121000010222,-1.736,2.524,0.799,0,0,2017/12/01 19:51:02,355,0.106
000000000000000121000011086,-1.949,1.511,0.645,0,0,2017/12/01 19:51:02,382,0.101
000000000000000121000011023,-1.594,1.043,0.484,0,0,2017/12/01 19:51:02,409,0.081
000000000000000121000011103,-3.413,1.089,0.673,0,0,2017/12/01 19:51:02,436,0.167
000000000000000121000011096,-2.134,1.433,0.777,0,0,2017/12/01 19:51:02,463,0.008
000000000000000121000010223,-2.2,1.608,0.64,0,0,2017/12/01 19:51:02,490,0.073
000000000000000121000011108,-2.209,1.374,0.582,0,0,2017/12/01 19:51:02,517,0.234
000000000000000121000010227,-3.189,2.712,0.747,0,0,2017/12/01 19:51:02,544,0.027
000000000000000121000010222,-1.466,2.75,0.799,0,0,2017/12/01 19:51:02,571,0.064
000000000000000121000010226,-3.027,1.395,0.926,0,0,2017/12/01 19:51:02,598,0.048
000000000000000121000011023,-1.46,0.859,0.843,0,0,2017/12/01 19:51:02,625,0.266
000000000000000121000011103,-3.412,1.083,0.679,0,0,2017/12/01 19:51:02,652,0.169
000000000000000121000011096,-2.107,1.411,0.639,0,0,2017/12/01 19:51:02,679,0.082
000000000000000121000010223,-2.228,1.575,0.642,0,0,2017/12/01 19:51:02,707,0.087
000000000000000121000011108,-2.168,1.371,0.482,0,0,2017/12/01 19:51:02,734,0.25
000000000000000121000011109,-2.17,1.331,0.642,0,0,2017/12/01 19:51:02,761,0.028
000000000000000121000010222,-1.528,2.658,0.692,0,0,2017/12/01 19:51:02,788,0
000000000000000121000011086,-1.896,1.607,0.718,0,0,2017/12/01 19:51:02,815,0.042
000000000000000121000011023,-1.546,0.981,0.586,0,0,2017/12/01 19:51:02,842,0.065
000000000000000121000011103,-3.479,1.115,0.666,0,0,2017/12/01 19:51:02,869,0.216
000000000000000121000011096,-2.116,1.379,0.626,0,0,2017/12/01 19:51:02,896,0.043
000000000000000121000010223,-2.185,1.628,0.628,0,0,2017/12/01 19:51:02,923,0.092
000000000000000121000011108,-2.186,1.444,0.47,0,0,2017/12/01 19:51:02,950,0.209
000000000000000121000010227,-3.229,2.632,0.8,0,0,2017/12/01 19:51:02,977,0.012
000000000000000121000010222,-1.51,2.871,0.841,0,0,2017/12/01 19:51:03,4,0.172
000000000000000121000010226,-3.185,1.478,0.859,0,0,2017/12/01 19:51:03,31,0.019
000000000000000121000011023,-1.661,1.095,0.779,0,0,2017/12/01 19:51:03,58,0.014
000000000000000121000011103,-3.459,1.132,0.675,0,0,2017/12/01 19:51:03,85,0.217
000000000000000121000011096,-2.145,1.384,0.654,0,0,2017/12/01 19:51:03,112,0.047
000000000000000121000010223,-2.225,1.608,0.682,0,0,2017/12/01 19:51:03,139,0.072
000000000000000121000011108,-2.185,1.414,0.509,0,0,2017/12/01 19:51:03,166,0.161
000000000000000121000011109,-2.162,1.35,0.673,0,0,2017/12/01 19:51:03,193,0.049
000000000000000121000010222,-1.538,2.667,0.609,0,0,2017/12/01 19:51:03,220,0.003
000000000000000121000011086,-1.927,1.546,0.629,0,0,2017/12/01 19:51:03,247,0.078
000000000000000121000011023,-1.547,0.997,0.485,0,0,2017/12/01 19:51:03,274,0.076
000000000000000121000011103,-3.411,1.096,0.674,0,0,2017/12/01 19:51:03,301,0.18
000000000000000121000011096,-2.123,1.412,0.664,0,0,2017/12/01 19:51:03,328,0.047
000000000000000121000010223,-2.211,1.598,0.623,0,0,2017/12/01 19:51:03,355,0.071
000000000000000121000011108,-2.136,1.404,0.47,0,0,2017/12/01 19:51:03,382,0.222
000000000000000121000010227,-3.232,2.677,0.726,0,0,2017/12/01 19:51:03,409,0.046
000000000000000121000010222,-1.461,2.646,0.605,0,0,2017/12/01 19:51:03,436,0.011
000000000000000121000010226,-3.176,1.437,0.813,0,0,2017/12/01 19:51:03,463,0.014
000000000000000121000011023,-1.55,1.027,0.468,0,0,2017/12/01 19:51:03,490,0.093
000000000000000121000011103,-3.436,1.177,0.684,0,0,2017/12/01 19:51:03,517,0.259
000000000000000121000011096,-2.109,1.42,0.665,0,0,2017/12/01 19:51:03,544,0.047
000000000000000121000010223,-2.191,1.612,0.604,0,0,2017/12/01 19:51:03,571,0.132
000000000000000121000011108,-2.224,1.391,0.439,0,0,2017/12/01 19:51:03,598,0.189
000000000000000121000011109,-2.185,1.336,0.702,0,0,2017/12/01 19:51:03,625,0.043
000000000000000121000010222,-1.442,2.622,0.621,0,0,2017/12/01 19:51:03,653,0.012
000000000000000121000011086,-1.932,1.55,0.639,0,0,2017/12/01 19:51:03,680,0.1
000000000000000121000011023,-1.558,1.04,0.477,0,0,2017/12/01 19:51:03,707,0.104
000000000000000121000011103,-3.447,1.146,0.676,0,0,2017/12/01 19:51:03,734,0.191
000000000000000121000011096,-2.143,1.476,0.701,0,0,2017/12/01 19:51:03,761,0.05
000000000000000121000010223,-2.25,1.543,0.682,0,0,2017/12/01 19:51:03,788,0.075
000000000000000121000011108,-2.205,1.301,0.251,0,0,2017/12/01 19:51:03,815,0.148
000000000000000121000010227,-3.155,2.726,0.75,0,0,2017/12/01 19:51:03,842,0.022
000000000000000121000010222,-1.572,2.714,0.609,0,0,2017/12/01 19:51:03,869,0
000000000000000121000010226,-3.226,1.348,0.914,0,0,2017/12/01 19:51:03,896,0.098
000000000000000121000011023,-1.582,1.053,0.457,0,0,2017/12/01 19:51:03,923,0.059
000000000000000121000011103,-3.462,1.124,0.698,0,0,2017/12/01 19:51:03,950,0.176
000000000000000121000011096,-2.137,1.433,0.668,0,0,2017/12/01 19:51:03,977,0.033
000000000000000121000010223,-2.193,1.625,0.639,0,0,2017/12/01 19:51:04,4,0.099
000000000000000121000011108,-2.201,1.403,0.547,0,0,2017/12/01 19:51:04,31,0.227
000000000000000121000011109,-2.212,1.37,0.721,0,0,2017/12/01 19:51:04,58,0.054
000000000000000121000010222,-1.549,2.708,0.584,0,0,2017/12/01 19:51:04,85,0.003
000000000000000121000011086,-1.908,1.514,0.671,0,0,2017/12/01 19:51:04,112,0.115
000000000000000121000011023,-1.517,0.995,0.405,0,0,2017/12/01 19:51:04,139,0.111
000000000000000121000011103,-3.41,1.072,0.675,0,0,2017/12/01 19:51:04,166,0.181
000000000000000121000011096,-2.153,1.41,0.681,0,0,2017/12/01 19:51:04,193,0.036
000000000000000121000010223,-2.229,1.569,0.67,0,0,2017/12/01 19:51:04,220,0.093
000000000000000121000011108,-2.161,1.351,0.532,0,0,2017/12/01 19:51:04,247,0.21
000000000000000121000010227,-3.16,2.735,0.734,0,0,2017/12/01 19:51:04,274,0.014
000000000000000121000010222,-1.584,2.723,0.625,0,0,2017/12/01 19:51:04,301,0.001
000000000000000121000010226,-3.103,1.094,0.978,0,0,2017/12/01 19:51:04,328,0.001
000000000000000121000011023,-1.568,1.019,0.454,0,0,2017/12/01 19:51:04,355,0.064
000000000000000121000011103,-3.446,1.144,0.659,0,0,2017/12/01 19:51:04,382,0.115
000000000000000121000011096,-2.127,1.411,0.641,0,0,2017/12/01 19:51:04,409,0.038
000000000000000121000010223,-2.219,1.553,0.685,0,0,2017/12/01 19:51:04,436,0.101
000000000000000121000011108,-2.163,1.36,0.516,0,0,2017/12/01 19:51:04,463,0.29
000000000000000121000011109,-2.188,1.321,0.683,0,0,2017/12/01 19:51:04,490,0.037
000000000000000121000010222,-1.619,2.803,0.602,0,0,2017/12/01 19:51:04,517,0
000000000000000121000011086,-1.92,1.505,0.599,0,0,2017/12/01 19:51:04,544,0.133
000000000000000121000011023,-1.589,1.113,0.372,0,0,2017/12/01 19:51:04,572,0.123
000000000000000121000011103,-3.502,1.152,0.66,0,0,2017/12/01 19:51:04,599,0.186
000000000000000121000011096,-2.138,1.427,0.676,0,0,2017/12/01 19:51:04,626,0.035
000000000000000121000010223,-2.228,1.629,0.658,0,0,2017/12/01 19:51:04,653,0.1
000000000000000121000011108,-2.227,1.385,0.614,0,0,2017/12/01 19:51:04,680,0.216
000000000000000121000010227,-3.199,2.726,0.698,0,0,2017/12/01 19:51:04,707,0.009
000000000000000121000010222,-1.3,2.707,0.46,0,0,2017/12/01 19:51:04,734,0
000000000000000121000010226,-3.181,1.305,0.899,0,0,2017/12/01 19:51:04,761,0.062
000000000000000121000011023,-1.509,0.927,0.433,0,0,2017/12/01 19:51:04,788,0.106
000000000000000121000011103,-3.445,1.12,0.686,0,0,2017/12/01 19:51:04,815,0.175
000000000000000121000011096,-2.173,1.341,0.68,0,0,2017/12/01 19:51:04,842,0.037
000000000000000121000010223,-2.232,1.593,0.676,0,0,2017/12/01 19:51:04,869,0.084
000000000000000121000011108,-2.179,1.349,0.496,0,0,2017/12/01 19:51:04,896,0.294
000000000000000121000011109,-2.198,1.346,0.703,0,0,2017/12/01 19:51:04,923,0.054
000000000000000121000010222,-1.523,2.719,0.622,0,0,2017/12/01 19:51:04,950,0.001
000000000000000121000011086,-1.938,1.492,0.688,0,0,2017/12/01 19:51:04,977,0.099
000000000000000121000011023,-1.536,1.011,0.435,0,0,2017/12/01 19:51:05,4,0.086
000000000000000121000011103,-3.317,1.236,0.708,0,0,2017/12/01 19:51:05,31,0.073
000000000000000121000011096,-2.163,1.349,0.678,0,0,2017/12/01 19:51:05,58,0.036
000000000000000121000010223,-2.199,1.586,0.678,0,0,2017/12/01 19:51:05,85,0.077
000000000000000121000011108,-2.174,1.423,0.366,0,0,2017/12/01 19:51:05,112,0.62
000000000000000121000010227,-3.243,2.654,0.753,0,0,2017/12/01 19:51:05,139,0.042
000000000000000121000010222,-1.465,2.636,0.586,0,0,2017/12/01 19:51:05,166,0.014
000000000000000121000010226,-3.031,1.357,0.839,0,0,2017/12/01 19:51:05,193,0.02
000000000000000121000011023,-1.572,1.092,0.44,0,0,2017/12/01 19:51:05,220,0.101
000000000000000121000011103,-3.475,1.086,0.697,0,0,2017/12/01 19:51:05,247,0.132
000000000000000121000011096,-2.151,1.386,0.688,0,0,2017/12/01 19:51:05,274,0.048
000000000000000121000010223,-2.246,1.656,0.738,0,0,2017/12/01 19:51:05,301,0.032
000000000000000121000011108,-2.185,1.367,0.531,0,0,2017/12/01 19:51:05,328,0.238
000000000000000121000011109,-2.192,1.33,0.663,0,0,2017/12/01 19:51:05,355,0.044
000000000000000121000010222,-1.453,2.636,0.644,0,0,2017/12/01 19:51:05,382,0.009
000000000000000121000011086,-1.941,1.538,0.628,0,0,2017/12/01 19:51:05,409,0.096
000000000000000121000011023,-1.583,1.02,0.464,0,0,2017/12/01 19:51:05,436,0.134
000000000000000121000011103,-3.458,1.12,0.66,0,0,2017/12/01 19:51:05,463,0.164
000000000000000121000011096,-2.135,1.343,0.619,0,0,2017/12/01 19:51:05,490,0.035
000000000000000121000010223,-2.159,1.626,0.701,0,0,2017/12/01 19:51:05,518,0.094
000000000000000121000011108,-2.169,1.436,0.482,0,0,2017/12/01 19:51:05,545,0.187
000000000000000121000010227,-3.15,2.736,0.728,0,0,2017/12/01 19:51:05,572,0.021
000000000000000121000010222,-1.434,2.676,0.712,0,0,2017/12/01 19:51:05,599,0.019
000000000000000121000011023,-1.569,1.07,0.403,0,0,2017/12/01 19:51:05,653,0.088
000000000000000121000011103,-3.462,1.141,0.68,0,0,2017/12/01 19:51:05,680,0.181
000000000000000121000011096,-2.267,1.446,0.721,0,0,2017/12/01 19:51:05,707,0.017
000000000000000121000010223,-2.197,1.577,0.665,0,0,2017/12/01 19:51:05,734,0.056
000000000000000121000011108,-2.168,1.393,0.565,0,0,2017/12/01 19:51:05,761,0.273
000000000000000121000011109,-2.189,1.357,0.719,0,0,2017/12/01 19:51:05,788,0.059
000000000000000121000010222,-1.51,2.733,0.537,0,0,2017/12/01 19:51:05,815,0
000000000000000121000011086,-1.957,1.528,0.648,0,0,2017/12/01 19:51:05,842,0.055
000000000000000121000011023,-1.593,0.979,0.458,0,0,2017/12/01 19:51:05,869,0.025
000000000000000121000011103,-3.451,1.133,0.728,0,0,2017/12/01 19:51:05,896,0.191
000000000000000121000011096,-2.124,1.387,0.697,0,0,2017/12/01 19:51:05,923,0.051
000000000000000121000010223,-2.219,1.594,0.667,0,0,2017/12/01 19:51:05,950,0.087
000000000000000121000011108,-2.257,1.386,0.529,0,0,2017/12/01 19:51:05,977,0.25
000000000000000121000010227,-3.214,2.649,0.711,0,0,2017/12/01 19:51:06,4,0.038
000000000000000121000010222,-1.49,2.879,0.79,0,0,2017/12/01 19:51:06,31,0.158
000000000000000121000010226,-3.021,1.379,0.799,0,0,2017/12/01 19:51:06,58,0.024
000000000000000121000011023,-1.597,1.051,0.397,0,0,2017/12/01 19:51:06,85,0.141
000000000000000121000011103,-3.415,1.095,0.719,0,0,2017/12/01 19:51:06,112,0.19
000000000000000121000011096,-2.203,1.432,0.654,0,0,2017/12/01 19:51:06,139,0.038
000000000000000121000010223,-2.238,1.658,0.741,0,0,2017/12/01 19:51:06,166,0.026
000000000000000121000011108,-2.164,1.37,0.568,0,0,2017/12/01 19:51:06,193,0.276
000000000000000121000011109,-2.175,1.351,0.736,0,0,2017/12/01 19:51:06,220,0.054
000000000000000121000010222,-1.468,2.644,0.613,0,0,2017/12/01 19:51:06,247,0.01
000000000000000121000011086,-1.915,1.518,0.557,0,0,2017/12/01 19:51:06,274,0.119
000000000000000121000011023,-1.594,1.11,0.43,0,0,2017/12/01 19:51:06,301,0.135
000000000000000121000011103,-3.429,1.081,0.659,0,0,2017/12/01 19:51:06,328,0.154
000000000000000121000011096,-2.137,1.422,0.689,0,0,2017/12/01 19:51:06,355,0.029
000000000000000121000010223,-2.214,1.601,0.602,0,0,2017/12/01 19:51:06,382,0.06
000000000000000121000011108,-2.231,1.389,0.538,0,0,2017/12/01 19:51:06,409,0.256
000000000000000121000010227,-3.175,2.753,0.723,0,0,2017/12/01 19:51:06,437,0.023
000000000000000121000010222,-1.459,2.773,0.807,0,0,2017/12/01 19:51:06,464,0.099
000000000000000121000010226,-3.122,1.043,0.957,0,0,2017/12/01 19:51:06,491,0
000000000000000121000011023,-1.544,1.03,0.479,0,0,2017/12/01 19:51:06,518,0.082
000000000000000121000011103,-3.523,1.314,0.827,0,0,2017/12/01 19:51:06,545,0.241
000000000000000121000011096,-2.187,1.365,0.626,0,0,2017/12/01 19:51:06,572,0.04
000000000000000121000010223,-2.206,1.594,0.693,0,0,2017/12/01 19:51:06,599,0.082
000000000000000121000011108,-2.208,1.361,0.509,0,0,2017/12/01 19:51:06,626,0.257
000000000000000121000011109,-2.156,1.333,0.66,0,0,2017/12/01 19:51:06,653,0.058
000000000000000121000010222,-1.414,2.691,0.865,0,0,2017/12/01 19:51:06,680,0.088
000000000000000121000011086,-1.927,1.432,0.773,0,0,2017/12/01 19:51:06,707,0.011
000000000000000121000011023,-1.6,1.145,0.355,0,0,2017/12/01 19:51:06,734,0.231
000000000000000121000011103,-3.435,1.105,0.698,0,0,2017/12/01 19:51:06,761,0.177
000000000000000121000011096,-2.162,1.384,0.661,0,0,2017/12/01 19:51:06,788,0.061
000000000000000121000010223,-2.194,1.65,0.709,0,0,2017/12/01 19:51:06,815,0.034
000000000000000121000011108,-2.213,1.371,0.613,0,0,2017/12/01 19:51:06,842,0.279
000000000000000121000010227,-3.215,2.679,0.743,0,0,2017/12/01 19:51:06,869,0.03
000000000000000121000010222,-1.589,2.708,0.62,0,0,2017/12/01 19:51:06,896,0
000000000000000121000010226,-3.044,1.349,0.774,0,0,2017/12/01 19:51:06,923,0.023
000000000000000121000011023,-1.59,1.049,0.36,0,0,2017/12/01 19:51:06,950,0.323
000000000000000121000011103,-3.489,1.118,0.718,0,0,2017/12/01 19:51:06,977,0.163
000000000000000121000011096,-2.122,1.446,0.642,0,0,2017/12/01 19:51:07,4,0.054
000000000000000121000010223,-2.208,1.597,0.64,0,0,2017/12/01 19:51:07,31,0.077
000000000000000121000011108,-2.179,1.437,0.671,0,0,2017/12/01 19:51:07,58,0.067
000000000000000121000011109,-2.185,1.375,0.711,0,0,2017/12/01 19:51:07,85,0.049
000000000000000121000010222,-1.575,2.778,0.729,0,0,2017/12/01 19:51:07,112,0.046
000000000000000121000011086,-1.93,1.548,0.655,0,0,2017/12/01 19:51:07,139,0.075
000000000000000121000011023,-1.599,1.028,0.598,0,0,2017/12/01 19:51:07,166,0.071
000000000000000121000011103,-3.439,1.119,0.74,0,0,2017/12/01 19:51:07,193,0.188
000000000000000121000011096,-2.15,1.421,0.676,0,0,2017/12/01 19:51:07,220,0.032
000000000000000121000010223,-2.177,1.618,0.684,0,0,2017/12/01 19:51:07,247,0.075
000000000000000121000011108,-2.113,1.356,0.256,0,0,2017/12/01 19:51:07,274,0.209
000000000000000121000010227,-3.161,2.615,0.714,0,0,2017/12/01 19:51:07,301,0.058
000000000000000121000010222,-1.489,2.633,0.62,0,0,2017/12/01 19:51:07,328,0.006
000000000000000121000010226,-3.06,1.087,0.945,0,0,2017/12/01 19:51:07,355,0.002
000000000000000121000011023,-1.587,1.011,0.538,0,0,2017/12/01 19:51:07,383,0.075
000000000000000121000011103,-3.444,1.121,0.706,0,0,2017/12/01 19:51:07,410,0.188
000000000000000121000011096,-2.185,1.479,0.68,0,0,2017/12/01 19:51:07,437,0.057
000000000000000121000010223,-2.205,1.595,0.693,0,0,2017/12/01 19:51:07,464,0.098
000000000000000121000011108,-2.191,1.355,0.507,0,0,2017/12/01 19:51:07,491,0.347
000000000000000121000011109,-2.172,1.35,0.698,0,0,2017/12/01 19:51:07,518,0.051
000000000000000121000010222,-1.437,2.683,0.818,0,0,2017/12/01 19:51:07,545,0.062
000000000000000121000011086,-1.93,1.49,0.593,0,0,2017/12/01 19:51:07,572,0.126
000000000000000121000011023,-1.584,1.084,0.331,0,0,2017/12/01 19:51:07,599,0.252
000000000000000121000011103,-3.405,1.093,0.657,0,0,2017/12/01 19:51:07,626,0.178
000000000000000121000011096,-2.206,1.442,0.69,0,0,2017/12/01 19:51:07,653,0.055
000000000000000121000010223,-2.217,1.586,0.69,0,0,2017/12/01 19:51:07,680,0.092
000000000000000121000011108,-2.194,1.355,0.525,0,0,2017/12/01 19:51:07,707,0.236
000000000000000121000010227,-3.218,2.715,0.746,0,0,2017/12/01 19:51:07,734,0.021
000000000000000121000010222,-1.453,2.654,0.571,0,0,2017/12/01 19:51:07,761,0.011
000000000000000121000010226,-2.998,1.372,0.894,0,0,2017/12/01 19:51:07,788,0.048
000000000000000121000011023,-1.557,1.031,0.309,0,0,2017/12/01 19:51:07,815,0.22
000000000000000121000011103,-3.444,1.12,0.711,0,0,2017/12/01 19:51:07,842,0.181
000000000000000121000011096,-2.147,1.434,0.637,0,0,2017/12/01 19:51:07,869,0.044
000000000000000121000010223,-2.234,1.493,0.588,0,0,2017/12/01 19:51:07,896,0.011
000000000000000121000011108,-2.155,1.426,0.531,0,0,2017/12/01 19:51:07,923,0.15
000000000000000121000011109,-2.203,1.373,0.706,0,0,2017/12/01 19:51:07,950,0.034
000000000000000121000010222,-1.661,2.828,0.601,0,0,2017/12/01 19:51:07,977,0.004
000000000000000121000011086,-1.871,1.489,0.589,0,0,2017/12/01 19:51:08,4,0.089
000000000000000121000011023,-1.56,1.071,0.364,0,0,2017/12/01 19:51:08,31,0.174
000000000000000121000011103,-3.436,1.086,0.69,0,0,2017/12/01 19:51:08,58,0.166
000000000000000121000011096,-2.139,1.389,0.663,0,0,2017/12/01 19:51:08,85,0.046
000000000000000121000010223,-2.237,1.639,0.654,0,0,2017/12/01 19:51:08,112,0.092
000000000000000121000011108,-2.171,1.348,0.547,0,0,2017/12/01 19:51:08,139,0.234
000000000000000121000010227,-3.16,2.755,0.739,0,0,2017/12/01 19:51:08,166,0.019
000000000000000121000010222,-1.535,2.758,0.609,0,0,2017/12/01 19:51:08,193,0.001
000000000000000121000011023,-1.541,1.054,0.425,0,0,2017/12/01 19:51:08,247,0.175
000000000000000121000011103,-3.448,1.129,0.749,0,0,2017/12/01 19:51:08,274,0.173
000000000000000121000011096,-2.113,1.425,0.612,0,0,2017/12/01 19:51:08,302,0.056
000000000000000121000010223,-2.295,1.496,0.602,0,0,2017/12/01 19:51:08,329,0.007
000000000000000121000011108,-2.186,1.397,0.58,0,0,2017/12/01 19:51:08,356,0.24
000000000000000121000011109,-2.169,1.367,0.695,0,0,2017/12/01 19:51:08,383,0.046
000000000000000121000010222,-1.493,2.783,0.878,0,0,2017/12/01 19:51:08,410,0.197
000000000000000121000011086,-1.981,1.443,0.653,0,0,2017/12/01 19:51:08,437,0.118
000000000000000121000011023,-1.561,0.973,0.597,0,0,2017/12/01 19:51:08,464,0.092
000000000000000121000011103,-3.439,1.093,0.696,0,0,2017/12/01 19:51:08,491,0.173
000000000000000121000011096,-2.204,1.455,0.63,0,0,2017/12/01 19:51:08,518,0.066
000000000000000121000010223,-2.236,1.574,0.696,0,0,2017/12/01 19:51:08,545,0.085
000000000000000121000011108,-2.183,1.357,0.551,0,0,2017/12/01 19:51:08,572,0.313
000000000000000121000010227,-3.197,2.726,0.752,0,0,2017/12/01 19:51:08,599,0.016
000000000000000121000010222,-1.363,2.732,0.741,0,0,2017/12/01 19:51:08,626,0.026
000000000000000121000010226,-2.994,1.383,0.893,0,0,2017/12/01 19:51:08,653,0.041
000000000000000121000011023,-1.607,1.047,0.446,0,0,2017/12/01 19:51:08,680,0.169
000000000000000121000011103,-3.414,1.102,0.708,0,0,2017/12/01 19:51:08,707,0.175
000000000000000121000011096,-2.12,1.367,0.63,0,0,2017/12/01 19:51:08,734,0.05
000000000000000121000010223,-2.174,1.583,0.685,0,0,2017/12/01 19:51:08,761,0.052
000000000000000121000011108,-2.193,1.414,0.632,0,0,2017/12/01 19:51:08,788,0.053
000000000000000121000011109,-2.188,1.374,0.72,0,0,2017/12/01 19:51:08,815,0.061
000000000000000121000010222,-1.589,2.728,0.607,0,0,2017/12/01 19:51:08,842,0
000000000000000121000011086,-1.934,1.514,0.623,0,0,2017/12/01 19:51:08,869,0.122
000000000000000121000011023,-1.593,1.017,0.643,0,0,2017/12/01 19:51:08,896,0.094
000000000000000121000011103,-3.296,1.243,0.681,0,0,2017/12/01 19:51:08,923,0.076
000000000000000121000011096,-2.101,1.446,0.669,0,0,2017/12/01 19:51:08,950,0.047
000000000000000121000010223,-2.232,1.592,0.642,0,0,2017/12/01 19:51:08,977,0.135
000000000000000121000011108,-2.176,1.374,0.529,0,0,2017/12/01 19:51:09,4,0.181
000000000000000121000010227,-3.215,2.68,0.683,0,0,2017/12/01 19:51:09,31,0.041
000000000000000121000010222,-1.486,2.86,0.783,0,0,2017/12/01 19:51:09,58,0.167
000000000000000121000010226,-3.11,1.216,0.875,0,0,2017/12/01 19:51:09,85,0.106
000000000000000121000011023,-1.584,1.021,0.543,0,0,2017/12/01 19:51:09,112,0.085
000000000000000121000011103,-3.468,1.113,0.64,0,0,2017/12/01 19:51:09,139,0.234
000000000000000121000011096,-2.155,1.421,0.677,0,0,2017/12/01 19:51:09,166,0.026
000000000000000121000010223,-2.213,1.611,0.657,0,0,2017/12/01 19:51:09,193,0.061
000000000000000121000011108,-2.198,1.388,0.572,0,0,2017/12/01 19:51:09,220,0.253
000000000000000121000011109,-2.171,1.326,0.654,0,0,2017/12/01 19:51:09,248,0.034
000000000000000121000010222,-1.56,2.756,0.583,0,0,2017/12/01 19:51:09,275,0.001
000000000000000121000011086,-1.925,1.549,0.635,0,0,2017/12/01 19:51:09,302,0.076
000000000000000121000011023,-2.04,1.167,0.086,0,0,2017/12/01 19:51:09,329,0.071
000000000000000121000011103,-3.428,1.114,0.69,0,0,2017/12/01 19:51:09,356,0.192
000000000000000121000011096,-2.123,1.406,0.655,0,0,2017/12/01 19:51:09,383,0.046
000000000000000121000010223,-2.24,1.602,0.641,0,0,2017/12/01 19:51:09,410,0.06
000000000000000121000011108,-2.205,1.378,0.575,0,0,2017/12/01 19:51:09,437,0.206
000000000000000121000010227,-3.163,2.755,0.739,0,0,2017/12/01 19:51:09,464,0.024
000000000000000121000010222,-1.428,2.702,0.851,0,0,2017/12/01 19:51:09,491,0.089
000000000000000121000010226,-3.141,1.248,0.895,0,0,2017/12/01 19:51:09,518,0.079
000000000000000121000011023,-1.618,1.033,0.523,0,0,2017/12/01 19:51:09,545,0.053
000000000000000121000011103,-3.434,1.164,0.772,0,0,2017/12/01 19:51:09,572,0.214
000000000000000121000011096,-2.176,1.361,0.649,0,0,2017/12/01 19:51:09,599,0.046
000000000000000121000010223,-2.216,1.595,0.687,0,0,2017/12/01 19:51:09,626,0.096
000000000000000121000011108,-2.196,1.364,0.546,0,0,2017/12/01 19:51:09,653,0.246
000000000000000121000011109,-2.182,1.347,0.686,0,0,2017/12/01 19:51:09,680,0.032
000000000000000121000010222,-1.65,2.787,0.624,0,0,2017/12/01 19:51:09,707,0.004
000000000000000121000011086,-1.974,1.42,0.476,0,0,2017/12/01 19:51:09,734,0.095
000000000000000121000011023,-1.637,1.072,0.457,0,0,2017/12/01 19:51:09,761,0.174
000000000000000121000011103,-3.439,1.141,0.665,0,0,2017/12/01 19:51:09,788,0.205
000000000000000121000011096,-2.126,1.389,0.671,0,0,2017/12/01 19:51:09,815,0.035
000000000000000121000010223,-2.207,1.601,0.658,0,0,2017/12/01 19:51:09,842,0.094
000000000000000121000011108,-2.184,1.36,0.599,0,0,2017/12/01 19:51:09,869,0.279
000000000000000121000010227,-3.226,2.694,0.728,0,0,2017/12/01 19:51:09,896,0.037
000000000000000121000011023,-1.618,1.007,0.657,0,0,2017/12/01 19:51:09,977,0.08
000000000000000121000011103,-3.333,1.237,0.615,0,0,2017/12/01 19:51:10,4,0.112
000000000000000121000011096,-2.079,1.465,0.694,0,0,2017/12/01 19:51:10,31,0.043
000000000000000121000010223,-2.229,1.623,0.663,0,0,2017/12/01 19:51:10,58,0.1
000000000000000121000011108,-2.247,1.386,0.566,0,0,2017/12/01 19:51:10,85,0.291
000000000000000121000011109,-2.185,1.307,0.572,0,0,2017/12/01 19:51:10,112,0.017
000000000000000121000010222,-1.536,2.667,0.609,0,0,2017/12/01 19:51:10,139,0.003
000000000000000121000011086,-1.962,1.488,0.676,0,0,2017/12/01 19:51:10,167,0.101
000000000000000121000011023,-1.696,1.217,0.963,0,0,2017/12/01 19:51:10,194,0.221
000000000000000121000011103,-3.453,1.162,0.603,0,0,2017/12/01 19:51:10,221,0.166
000000000000000121000011096,-2.163,1.405,0.672,0,0,2017/12/01 19:51:10,248,0.039
000000000000000121000010223,-2.229,1.668,0.655,0,0,2017/12/01 19:51:10,275,0.07
000000000000000121000011108,-2.146,1.36,0.583,0,0,2017/12/01 19:51:10,302,0.252
000000000000000121000010227,-3.192,2.65,0.738,0,0,2017/12/01 19:51:10,329,0.04
000000000000000121000010222,-1.338,2.705,0.439,0,0,2017/12/01 19:51:10,356,0
000000000000000121000011023,-1.554,1.002,0.321,0,0,2017/12/01 19:51:10,410,0.266
000000000000000121000011103,-3.421,1.131,0.698,0,0,2017/12/01 19:51:10,437,0.186
000000000000000121000011096,-2.171,1.39,0.703,0,0,2017/12/01 19:51:10,464,0.062
000000000000000121000010223,-2.171,1.586,0.665,0,0,2017/12/01 19:51:10,491,0.062
000000000000000121000011108,-2.207,1.399,0.565,0,0,2017/12/01 19:51:10,518,0.263
000000000000000121000011109,-2.213,1.364,0.7,0,0,2017/12/01 19:51:10,545,0.045
000000000000000121000010222,-1.528,2.793,0.743,0,0,2017/12/01 19:51:10,572,0.04
000000000000000121000011086,-1.943,1.546,0.64,0,0,2017/12/01 19:51:10,599,0.111
000000000000000121000011023,-1.587,1.094,0.312,0,0,2017/12/01 19:51:10,626,0.193
000000000000000121000011103,-3.431,1.13,0.678,0,0,2017/12/01 19:51:10,653,0.227
000000000000000121000011096,-2.14,1.4,0.653,0,0,2017/12/01 19:51:10,680,0.056
000000000000000121000010223,-2.239,1.65,0.652,0,0,2017/12/01 19:51:10,707,0.07
000000000000000121000011108,-2.161,1.431,0.666,0,0,2017/12/01 19:51:10,734,0.032
000000000000000121000010227,-3.191,2.694,0.75,0,0,2017/12/01 19:51:10,761,0.023
000000000000000121000010222,-1.569,2.713,0.721,0,0,2017/12/01 19:51:10,788,0.022
000000000000000121000010226,-3.1,1.076,0.918,0,0,2017/12/01 19:51:10,815,0.001
000000000000000121000011023,-1.569,1.039,0.345,0,0,2017/12/01 19:51:10,842,0.22
000000000000000121000011103,-3.422,1.11,0.732,0,0,2017/12/01 19:51:10,869,0.175
000000000000000121000011096,-2.088,1.441,0.672,0,0,2017/12/01 19:51:10,896,0.05
000000000000000121000010223,-2.184,1.604,0.651,0,0,2017/12/01 19:51:10,923,0.07
000000000000000121000011108,-2.206,1.396,0.58,0,0,2017/12/01 19:51:10,950,0.191
000000000000000121000011109,-2.163,1.351,0.7,0,0,2017/12/01 19:51:10,977,0.055
000000000000000121000010222,-1.506,2.593,0.617,0,0,2017/12/01 19:51:11,4,0.03
000000000000000121000011086,-1.96,1.58,0.7,0,0,2017/12/01 19:51:11,31,0.06
000000000000000121000011023,-1.623,0.955,0.528,0,0,2017/12/01 19:51:11,58,0.027
000000000000000121000011103,-3.424,1.123,0.672,0,0,2017/12/01 19:51:11,85,0.231
000000000000000121000011096,-2.119,1.403,0.589,0,0,2017/12/01 19:51:11,113,0.014
000000000000000121000010223,-2.227,1.63,0.668,0,0,2017/12/01 19:51:11,140,0.08
000000000000000121000011108,-2.139,1.417,0.481,0,0,2017/12/01 19:51:11,167,0.26
000000000000000121000010227,-3.292,2.669,0.639,0,0,2017/12/01 19:51:11,194,0.027
000000000000000121000010222,-1.549,2.732,0.586,0,0,2017/12/01 19:51:11,221,0.002
000000000000000121000010226,-3.047,1.376,0.813,0,0,2017/12/01 19:51:11,248,0.028
000000000000000121000011023,-1.556,1.095,0.403,0,0,2017/12/01 19:51:11,275,0.14
000000000000000121000011103,-3.453,1.148,0.686,0,0,2017/12/01 19:51:11,302,0.109
000000000000000121000011096,-2.164,1.353,0.657,0,0,2017/12/01 19:51:11,329,0.038
000000000000000121000010223,-2.228,1.581,0.693,0,0,2017/12/01 19:51:11,356,0.091
000000000000000121000011108,-2.19,1.403,0.529,0,0,2017/12/01 19:51:11,383,0.278
000000000000000121000011109,-2.194,1.303,0.781,0,0,2017/12/01 19:51:11,410,0.007
000000000000000121000010222,-1.631,2.766,0.578,0,0,2017/12/01 19:51:11,437,0.001
000000000000000121000011086,-1.96,1.401,0.585,0,0,2017/12/01 19:51:11,464,0.026
000000000000000121000011023,-1.9,1.128,0.44,0,0,2017/12/01 19:51:11,491,0
000000000000000121000011103,-3.428,1.094,0.691,0,0,2017/12/01 19:51:11,518,0.158
000000000000000121000011096,-2.139,1.356,0.58,0,0,2017/12/01 19:51:11,545,0.034
000000000000000121000010223,-2.226,1.597,0.67,0,0,2017/12/01 19:51:11,572,0.113
000000000000000121000011108,-2.162,1.389,0.53,0,0,2017/12/01 19:51:11,599,0.196
000000000000000121000010227,-3.242,2.669,0.756,0,0,2017/12/01 19:51:11,626,0.042
000000000000000121000010222,-1.557,2.723,0.611,0,0,2017/12/01 19:51:11,653,0
000000000000000121000010226,-3.121,1.211,0.884,0,0,2017/12/01 19:51:11,680,0.077
000000000000000121000011023,-1.911,1.129,0.157,0,0,2017/12/01 19:51:11,707,0.024
000000000000000121000011103,-3.401,1.113,0.689,0,0,2017/12/01 19:51:11,734,0.17
000000000000000121000011096,-2.131,1.41,0.653,0,0,2017/12/01 19:51:11,761,0.031
000000000000000121000010223,-2.229,1.585,0.667,0,0,2017/12/01 19:51:11,788,0.082
000000000000000121000011108,-2.183,1.358,0.575,0,0,2017/12/01 19:51:11,815,0.257
000000000000000121000011109,-2.17,1.342,0.686,0,0,2017/12/01 19:51:11,842,0.033
000000000000000121000010222,-1.45,2.501,0.966,0,0,2017/12/01 19:51:11,869,0.018
000000000000000121000011086,-1.878,1.465,0.634,0,0,2017/12/01 19:51:11,896,0.088
000000000000000121000011023,-1.572,0.989,0.567,0,0,2017/12/01 19:51:11,923,0.064
000000000000000121000011103,-3.449,1.114,0.657,0,0,2017/12/01 19:51:11,950,0.187
000000000000000121000011096,-2.172,1.301,0.664,0,0,2017/12/01 19:51:11,977,0.051
000000000000000121000010223,-2.224,1.557,0.686,0,0,2017/12/01 19:51:12,4,0.101
000000000000000121000011108,-2.204,1.347,0.517,0,0,2017/12/01 19:51:12,32,0.258
000000000000000121000010227,-3.184,2.713,0.706,0,0,2017/12/01 19:51:12,59,0.012
000000000000000121000010222,-1.458,2.782,0.852,0,0,2017/12/01 19:51:12,86,0.136
000000000000000121000010226,-3.073,1.085,0.977,0,0,2017/12/01 19:51:12,113,0.001
000000000000000121000011023,-1.585,1.118,0.401,0,0,2017/12/01 19:51:12,140,0.236
000000000000000121000011103,-3.414,1.099,0.687,0,0,2017/12/01 19:51:12,167,0.188
000000000000000121000011096,-2.135,1.414,0.675,0,0,2017/12/01 19:51:12,194,0.032
000000000000000121000010223,-2.214,1.579,0.663,0,0,2017/12/01 19:51:12,221,0.066
000000000000000121000011108,-2.202,1.411,0.559,0,0,2017/12/01 19:51:12,248,0.29
000000000000000121000011109,-2.19,1.348,0.703,0,0,2017/12/01 19:51:12,275,0.052
000000000000000121000010222,-1.538,2.703,0.626,0,0,2017/12/01 19:51:12,302,0.002
000000000000000121000011086,-1.946,1.541,0.663,0,0,2017/12/01 19:51:12,329,0.111
000000000000000121000011023,-1.545,0.951,0.53,0,0,2017/12/01 19:51:12,356,0.119
000000000000000121000011103,-3.42,1.081,0.676,0,0,2017/12/01 19:51:12,383,0.2
000000000000000121000011096,-2.171,1.38,0.641,0,0,2017/12/01 19:51:12,410,0.047
000000000000000121000010223,-2.24,1.652,0.76,0,0,2017/12/01 19:51:12,437,0.042
000000000000000121000011108,-2.223,1.373,0.582,0,0,2017/12/01 19:51:12,464,0.277
000000000000000121000010227,-3.213,2.674,0.753,0,0,2017/12/01 19:51:12,491,0.037
000000000000000121000010222,-1.537,2.755,0.906,0,0,2017/12/01 19:51:12,518,0.164
000000000000000121000010226,-3.14,1.221,0.85,0,0,2017/12/01 19:51:12,545,0.091
000000000000000121000011023,-1.473,1.037,0.244,0,0,2017/12/01 19:51:12,572,0.308
000000000000000121000011103,-3.441,1.142,0.673,0,0,2017/12/01 19:51:12,599,0.133
000000000000000121000011096,-2.124,1.381,0.746,0,0,2017/12/01 19:51:12,626,0.011
000000000000000121000010223,-2.275,1.61,0.607,0,0,2017/12/01 19:51:12,653,0.059
000000000000000121000011108,-2.121,1.401,0.522,0,0,2017/12/01 19:51:12,680,0.246
000000000000000121000011109,-2.189,1.364,0.714,0,0,2017/12/01 19:51:12,707,0.051
000000000000000121000010222,-1.537,2.683,0.599,0,0,2017/12/01 19:51:12,734,0.003
000000000000000121000011086,-1.977,1.533,0.711,0,0,2017/12/01 19:51:12,761,0.063
000000000000000121000011023,-1.941,1.04,0.512,0,0,2017/12/01 19:51:12,788,0.006
000000000000000121000011103,-3.401,1.096,0.661,0,0,2017/12/01 19:51:12,815,0.179
000000000000000121000011096,-2.102,1.367,0.645,0,0,2017/12/01 19:51:12,842,0.059
000000000000000121000010223,-2.202,1.584,0.721,0,0,2017/12/01 19:51:12,869,0.087
000000000000000121000011108,-2.161,1.368,0.589,0,0,2017/12/01 19:51:12,896,0.278
000000000000000121000010227,-3.228,2.684,0.736,0,0,2017/12/01 19:51:12,923,0.039
000000000000000121000010222,-1.548,2.646,0.705,0,0,2017/12/01 19:51:12,950,0
000000000000000121000010226,-3.136,1.015,0.926,0,0,2017/12/01 19:51:12,978,0
000000000000000121000011023,-1.558,1.073,0.411,0,0,2017/12/01 19:51:13,5,0.11
000000000000000121000011103,-3.264,1.319,0.744,0,0,2017/12/01 19:51:13,32,0.09
000000000000000121000011096,-2.178,1.377,0.654,0,0,2017/12/01 19:51:13,59,0.05
000000000000000121000010223,-2.181,1.588,0.649,0,0,2017/12/01 19:51:13,86,0.06
000000000000000121000011108,-2.167,1.369,0.66,0,0,2017/12/01 19:51:13,113,0.252
000000000000000121000011109,-2.173,1.344,0.677,0,0,2017/12/01 19:51:13,140,0.041
000000000000000121000010222,-1.441,2.627,0.603,0,0,2017/12/01 19:51:13,167,0.015
000000000000000121000011086,-1.917,1.496,0.68,0,0,2017/12/01 19:51:13,194,0.082
000000000000000121000011023,-1.59,1.109,0.429,0,0,2017/12/01 19:51:13,221,0.113
000000000000000121000011103,-3.417,1.127,0.663,0,0,2017/12/01 19:51:13,248,0.134
000000000000000121000011096,-2.129,1.42,0.635,0,0,2017/12/01 19:51:13,275,0.051
000000000000000121000010223,-2.22,1.573,0.7,0,0,2017/12/01 19:51:13,302,0.099
000000000000000121000011108,-2.156,1.43,0.495,0,0,2017/12/01 19:51:13,329,0.201
000000000000000121000010227,-3.104,2.713,0.799,0,0,2017/12/01 19:51:13,356,0.006
000000000000000121000010222,-1.612,2.68,0.777,0,0,2017/12/01 19:51:13,383,0.061
000000000000000121000011023,-1.589,1.02,0.693,0,0,2017/12/01 19:51:13,437,0.01
000000000000000121000011103,-3.43,1.114,0.685,0,0,2017/12/01 19:51:13,464,0.217
000000000000000121000011096,-2.107,1.405,0.599,0,0,2017/12/01 19:51:13,491,0.034
000000000000000121000010223,-2.227,1.598,0.727,0,0,2017/12/01 19:51:13,518,0.099
000000000000000121000011108,-2.197,1.377,0.557,0,0,2017/12/01 19:51:13,545,0.234
000000000000000121000011109,-2.153,1.307,0.696,0,0,2017/12/01 19:51:13,572,0.045
000000000000000121000010222,-1.472,2.774,0.894,0,0,2017/12/01 19:51:13,599,0.119
000000000000000121000011086,-1.912,1.511,0.653,0,0,2017/12/01 19:51:13,626,0.118
000000000000000121000011023,-1.561,1.141,0.471,0,0,2017/12/01 19:51:13,653,0.167
000000000000000121000011103,-3.382,1.104,0.665,0,0,2017/12/01 19:51:13,680,0.187
000000000000000121000011096,-2.145,1.363,0.649,0,0,2017/12/01 19:51:13,707,0.04
000000000000000121000010223,-2.199,1.443,0.695,0,0,2017/12/01 19:51:13,734,0.07
000000000000000121000011108,-2.183,1.382,0.519,0,0,2017/12/01 19:51:13,761,0.32
000000000000000121000010227,-3.242,2.668,0.75,0,0,2017/12/01 19:51:13,788,0.046
000000000000000121000010222,-1.399,2.705,0.781,0,0,2017/12/01 19:51:13,815,0.082
000000000000000121000010226,-3.195,1.329,0.972,0,0,2017/12/01 19:51:13,842,0.082
000000000000000121000011023,-1.616,1.019,0.577,0,0,2017/12/01 19:51:13,869,0.076
000000000000000121000011103,-3.465,1.129,0.691,0,0,2017/12/01 19:51:13,897,0.127
000000000000000121000011096,-2.107,1.488,0.68,0,0,2017/12/01 19:51:13,924,0.038
000000000000000121000010223,-2.228,1.588,0.68,0,0,2017/12/01 19:51:13,951,0.095
000000000000000121000011108,-2.175,1.426,0.59,0,0,2017/12/01 19:51:13,978,0.172
000000000000000121000011109,-2.171,1.384,0.733,0,0,2017/12/01 19:51:14,5,0.044
000000000000000121000010222,-1.326,2.713,0.417,0,0,2017/12/01 19:51:14,32,0
000000000000000121000011086,-2.012,1.449,0.527,0,0,2017/12/01 19:51:14,59,0.03
000000000000000121000011023,-1.482,0.96,0.522,0,0,2017/12/01 19:51:14,86,0.102
000000000000000121000011103,-3.439,1.107,0.701,0,0,2017/12/01 19:51:14,113,0.194
000000000000000121000011096,-2.135,1.412,0.646,0,0,2017/12/01 19:51:14,140,0.045
000000000000000121000010223,-2.226,1.602,0.665,0,0,2017/12/01 19:51:14,167,0.093
000000000000000121000011108,-2.159,1.373,0.569,0,0,2017/12/01 19:51:14,194,0.235
000000000000000121000010227,-3.182,2.701,0.741,0,0,2017/12/01 19:51:14,221,0.02
000000000000000121000010222,-1.575,2.603,0.847,0,0,2017/12/01 19:51:14,248,0.05
000000000000000121000010226,-3.043,1.364,0.802,0,0,2017/12/01 19:51:14,275,0.023
000000000000000121000011023,-1.527,1.003,0.489,0,0,2017/12/01 19:51:14,302,0.073
000000000000000121000011103,-3.423,1.071,0.715,0,0,2017/12/01 19:51:14,329,0.171
000000000000000121000011096,-2.133,1.414,0.664,0,0,2017/12/01 19:51:14,356,0.033
000000000000000121000010223,-2.261,1.661,0.649,0,0,2017/12/01 19:51:14,383,0.084
000000000000000121000011108,-2.28,1.251,0.438,0,0,2017/12/01 19:51:14,410,0.164
000000000000000121000011109,-2.158,1.356,0.694,0,0,2017/12/01 19:51:14,437,0.059
000000000000000121000010222,-1.557,2.726,0.591,0,0,2017/12/01 19:51:14,464,0.002
000000000000000121000011086,-1.925,1.487,0.639,0,0,2017/12/01 19:51:14,491,0.088
000000000000000121000011023,-1.572,0.971,0.565,0,0,2017/12/01 19:51:14,518,0.074
000000000000000121000011103,-3.486,1.242,0.679,0,0,2017/12/01 19:51:14,545,0.117
000000000000000121000011096,-2.1,1.48,0.652,0,0,2017/12/01 19:51:14,572,0.038
000000000000000121000010223,-2.205,1.585,0.683,0,0,2017/12/01 19:51:14,599,0.065
000000000000000121000011108,-2.174,1.393,0.552,0,0,2017/12/01 19:51:14,626,0.216
000000000000000121000010227,-3.267,2.662,0.753,0,0,2017/12/01 19:51:14,653,0.027
000000000000000121000010222,-1.481,2.614,0.761,0,0,2017/12/01 19:51:14,680,0.032
000000000000000121000011023,-1.526,1.048,0.277,0,0,2017/12/01 19:51:14,734,0.301
000000000000000121000011103,-3.486,1.161,0.634,0,0,2017/12/01 19:51:14,761,0.196
000000000000000121000011096,-2.148,1.417,0.639,0,0,2017/12/01 19:51:14,788,0.053
000000000000000121000010223,-2.198,1.585,0.673,0,0,2017/12/01 19:51:14,815,0.071
000000000000000121000011108,-2.195,1.38,0.545,0,0,2017/12/01 19:51:14,843,0.255
000000000000000121000011109,-2.205,1.363,0.71,0,0,2017/12/01 19:51:14,870,0.041
000000000000000121000010222,-1.514,2.781,0.795,0,0,2017/12/01 19:51:14,897,0.133
000000000000000121000011086,-1.935,1.491,0.649,0,0,2017/12/01 19:51:14,924,0.078
000000000000000121000011023,-1.713,0.935,0.374,0,0,2017/12/01 19:51:14,951,0.003
000000000000000121000011103,-3.495,1.138,0.645,0,0,2017/12/01 19:51:14,978,0.148
000000000000000121000011096,-2.183,1.383,0.643,0,0,2017/12/01 19:51:15,5,0.035
000000000000000121000010223,-2.176,1.579,0.658,0,0,2017/12/01 19:51:15,32,0.059
000000000000000121000011108,-2.176,1.401,0.575,0,0,2017/12/01 19:51:15,59,0.243
000000000000000121000010227,-3.177,2.719,0.759,0,0,2017/12/01 19:51:15,86,0.019
000000000000000121000010222,-1.478,2.635,0.63,0,0,2017/12/01 19:51:15,113,0.006
000000000000000121000010226,-3.038,1.368,0.803,0,0,2017/12/01 19:51:15,140,0.018
000000000000000121000011023,-1.551,1.016,0.304,0,0,2017/12/01 19:51:15,167,0.314
000000000000000121000011103,-3.44,1.081,0.66,0,0,2017/12/01 19:51:15,194,0.222
000000000000000121000011096,-2.192,1.432,0.651,0,0,2017/12/01 19:51:15,221,0.044
000000000000000121000010223,-2.228,1.61,0.648,0,0,2017/12/01 19:51:15,248,0.065
000000000000000121000011108,-2.132,1.311,0.541,0,0,2017/12/01 19:51:15,275,0.28
000000000000000121000011109,-2.194,1.36,0.685,0,0,2017/12/01 19:51:15,302,0.031
000000000000000121000010222,-1.54,2.739,0.591,0,0,2017/12/01 19:51:15,329,0.002
000000000000000121000011086,-1.888,1.403,0.697,0,0,2017/12/01 19:51:15,356,0.029
000000000000000121000011023,-1.558,0.977,0.469,0,0,2017/12/01 19:51:15,383,0.08
000000000000000121000011103,-3.484,1.154,0.655,0,0,2017/12/01 19:51:15,410,0.166
000000000000000121000011096,-2.111,1.416,0.628,0,0,2017/12/01 19:51:15,437,0.049
000000000000000121000010223,-2.211,1.578,0.658,0,0,2017/12/01 19:51:15,464,0.112
000000000000000121000011108,-2.181,1.441,0.754,0,0,2017/12/01 19:51:15,491,0.019
000000000000000121000010227,-3.204,2.721,0.8,0,0,2017/12/01 19:51:15,518,0.019
000000000000000121000010222,-1.616,2.799,0.541,0,0,2017/12/01 19:51:15,545,0.002
000000000000000121000010226,-3.042,1.369,0.801,0,0,2017/12/01 19:51:15,572,0.024
000000000000000121000011023,-1.598,1.003,0.621,0,0,2017/12/01 19:51:15,599,0.103
000000000000000121000011103,-3.414,1.099,0.673,0,0,2017/12/01 19:51:15,626,0.211
000000000000000121000011096,-2.17,1.367,0.652,0,0,2017/12/01 19:51:15,653,0.041
000000000000000121000010223,-2.222,1.579,0.674,0,0,2017/12/01 19:51:15,680,0.11
000000000000000121000011108,-2.169,1.381,0.55,0,0,2017/12/01 19:51:15,707,0.266
000000000000000121000011109,-2.196,1.352,0.703,0,0,2017/12/01 19:51:15,734,0.042
000000000000000121000010222,-1.555,2.781,0.589,0,0,2017/12/01 19:51:15,762,0.001
000000000000000121000011086,-1.909,1.602,0.672,0,0,2017/12/01 19:51:15,789,0.045
000000000000000121000011023,-1.571,0.995,0.537,0,0,2017/12/01 19:51:15,816,0.125
000000000000000121000011103,-3.428,1.114,0.692,0,0,2017/12/01 19:51:15,843,0.2
000000000000000121000011096,-2.169,1.339,0.744,0,0,2017/12/01 19:51:15,870,0.019
000000000000000121000010223,-2.221,1.583,0.692,0,0,2017/12/01 19:51:15,897,0.076
000000000000000121000011108,-2.155,1.355,0.305,0,0,2017/12/01 19:51:15,924,0.09
000000000000000121000010227,-3.205,2.69,0.745,0,0,2017/12/01 19:51:15,951,0.052
000000000000000121000010222,-1.58,2.743,0.594,0,0,2017/12/01 19:51:15,978,0.001
000000000000000121000010226,-3.12,1.187,0.82,0,0,2017/12/01 19:51:16,5,0.088
000000000000000121000011023,-1.555,1.056,0.32,0,0,2017/12/01 19:51:16,32,0.108
000000000000000121000011103,-3.433,1.151,0.727,0,0,2017/12/01 19:51:16,59,0.228
000000000000000121000011096,-2.155,1.535,0.664,0,0,2017/12/01 19:51:16,86,0.041
000000000000000121000010223,-2.176,1.567,0.699,0,0,2017/12/01 19:51:16,113,0.054
000000000000000121000011108,-2.132,1.404,0.516,0,0,2017/12/01 19:51:16,140,0.216
000000000000000121000011109,-2.169,1.347,0.685,0,0,2017/12/01 19:51:16,167,0.04
000000000000000121000010222,-1.446,2.624,0.616,0,0,2017/12/01 19:51:16,194,0.014
000000000000000121000011086,-1.926,1.514,0.669,0,0,2017/12/01 19:51:16,221,0.051
000000000000000121000011023,-1.502,1.009,0.433,0,0,2017/12/01 19:51:16,248,0.14
000000000000000121000011103,-3.432,1.126,0.694,0,0,2017/12/01 19:51:16,275,0.199
000000000000000121000011096,-2.171,1.377,0.68,0,0,2017/12/01 19:51:16,302,0.046
000000000000000121000010223,-2.282,1.58,0.696,0,0,2017/12/01 19:51:16,329,0.101
000000000000000121000011108,-2.156,1.439,0.561,0,0,2017/12/01 19:51:16,356,0.217
000000000000000121000010227,-3.159,2.6,0.706,0,0,2017/12/01 19:51:16,383,0.064
000000000000000121000010226,-3.11,1.059,0.975,0,0,2017/12/01 19:51:16,437,0.001
000000000000000121000011023,-1.561,1.053,0.406,0,0,2017/12/01 19:51:16,464,0.116
000000000000000121000011103,-3.432,1.122,0.726,0,0,2017/12/01 19:51:16,491,0.198
000000000000000121000011096,-2.149,1.461,0.715,0,0,2017/12/01 19:51:16,518,0.037
000000000000000121000010223,-2.18,1.525,0.572,0,0,2017/12/01 19:51:16,545,0.017
000000000000000121000011108,-2.152,1.378,0.444,0,0,2017/12/01 19:51:16,572,0.269
000000000000000121000011109,-2.158,1.319,0.672,0,0,2017/12/01 19:51:16,599,0.038
000000000000000121000010222,-1.529,2.731,0.6,0,0,2017/12/01 19:51:16,626,0.001
000000000000000121000011086,-1.923,1.466,0.662,0,0,2017/12/01 19:51:16,653,0.091
000000000000000121000011023,-1.496,0.977,0.377,0,0,2017/12/01 19:51:16,680,0.098
000000000000000121000011103,-3.426,1.118,0.683,0,0,2017/12/01 19:51:16,708,0.177
000000000000000121000011096,-2.106,1.482,0.664,0,0,2017/12/01 19:51:16,735,0.047
000000000000000121000010223,-2.229,1.625,0.59,0,0,2017/12/01 19:51:16,762,0.056
000000000000000121000011108,-2.201,1.374,0.515,0,0,2017/12/01 19:51:16,789,0.237
000000000000000121000010227,-3.165,2.759,0.754,0,0,2017/12/01 19:51:16,816,0.025
000000000000000121000010222,-1.411,2.629,0.85,0,0,2017/12/01 19:51:16,843,0.056
000000000000000121000010226,-3.061,1.352,0.881,0,0,2017/12/01 19:51:16,870,0.037
000000000000000121000011023,-1.589,1.025,0.433,0,0,2017/12/01 19:51:16,897,0.168
000000000000000121000011103,-3.432,1.142,0.656,0,0,2017/12/01 19:51:16,924,0.134
000000000000000121000011096,-2.145,1.41,0.691,0,0,2017/12/01 19:51:16,951,0.039
000000000000000121000010223,-2.199,1.601,0.719,0,0,2017/12/01 19:51:16,978,0.101
000000000000000121000011108,-2.215,1.428,0.567,0,0,2017/12/01 19:51:17,5,0.332
000000000000000121000011109,-2.152,1.355,0.69,0,0,2017/12/01 19:51:17,32,0.05
000000000000000121000010222,-1.878,2.779,0.884,0,0,2017/12/01 19:51:17,59,0.055
000000000000000121000011086,-1.926,1.535,0.592,0,0,2017/12/01 19:51:17,86,0.107
000000000000000121000011023,-1.556,1.058,0.293,0,0,2017/12/01 19:51:17,113,0.259
000000000000000121000011103,-3.46,1.146,0.7,0,0,2017/12/01 19:51:17,140,0.2
000000000000000121000011096,-2.159,1.359,0.651,0,0,2017/12/01 19:51:17,167,0.046
000000000000000121000010223,-2.258,1.497,0.6,0,0,2017/12/01 19:51:17,194,0.007
000000000000000121000011108,-2.153,1.384,0.458,0,0,2017/12/01 19:51:17,221,0.232
000000000000000121000010227,-3.224,2.681,0.714,0,0,2017/12/01 19:51:17,248,0.039
000000000000000121000010222,-1.512,2.69,0.643,0,0,2017/12/01 19:51:17,275,0.003
000000000000000121000010226,-3.144,1.028,0.927,0,0,2017/12/01 19:51:17,302,0
000000000000000121000011023,-1.604,1.056,0.568,0,0,2017/12/01 19:51:17,329,0.068
000000000000000121000011103,-3.404,1.089,0.648,0,0,2017/12/01 19:51:17,356,0.183
000000000000000121000011096,-2.152,1.425,0.656,0,0,2017/12/01 19:51:17,383,0.039
000000000000000121000010223,-2.211,1.592,0.677,0,0,2017/12/01 19:51:17,410,0.064
000000000000000121000011108,-2.209,1.311,0.488,0,0,2017/12/01 19:51:17,437,0.24
000000000000000121000011109,-2.167,1.343,0.668,0,0,2017/12/01 19:51:17,464,0.052
000000000000000121000010222,-1.533,2.693,0.806,0,0,2017/12/01 19:51:17,491,0.037
000000000000000121000011086,-1.985,1.502,0.657,0,0,2017/12/01 19:51:17,518,0.077
000000000000000121000011023,-1.521,1.079,0.26,0,0,2017/12/01 19:51:17,545,0.245
000000000000000121000011103,-3.443,1.094,0.7,0,0,2017/12/01 19:51:17,572,0.203
000000000000000121000011096,-2.107,1.371,0.642,0,0,2017/12/01 19:51:17,599,0.043
000000000000000121000010223,-2.263,1.623,0.689,0,0,2017/12/01 19:51:17,627,0.06
000000000000000121000011108,-2.161,1.386,0.46,0,0,2017/12/01 19:51:17,654,0.306
000000000000000121000010227,-3.217,2.665,0.722,0,0,2017/12/01 19:51:17,681,0.038
000000000000000121000010222,-1.492,2.685,0.593,0,0,2017/12/01 19:51:17,708,0.006
000000000000000121000010226,-3.178,1.231,0.943,0,0,2017/12/01 19:51:17,735,0.091
000000000000000121000011023,-1.494,0.98,0.41,0,0,2017/12/01 19:51:17,762,0.091
000000000000000121000011103,-3.424,1.072,0.639,0,0,2017/12/01 19:51:17,789,0.192
000000000000000121000011096,-2.128,1.389,0.634,0,0,2017/12/01 19:51:17,816,0.046
000000000000000121000010223,-2.185,1.603,0.68,0,0,2017/12/01 19:51:17,843,0.051
000000000000000121000011108,-2.194,1.393,0.491,0,0,2017/12/01 19:51:17,870,0.305
000000000000000121000011109,-2.213,1.359,0.684,0,0,2017/12/01 19:51:17,897,0.035
000000000000000121000010222,-1.42,2.754,0.806,0,0,2017/12/01 19:51:17,924,0.085
000000000000000121000011086,-1.944,1.604,0.646,0,0,2017/12/01 19:51:17,951,0.061
000000000000000121000011023,-1.612,1.158,0.462,0,0,2017/12/01 19:51:17,978,0.095
000000000000000121000011103,-3.414,1.079,0.668,0,0,2017/12/01 19:51:18,5,0.17
000000000000000121000011096,-2.211,1.459,0.662,0,0,2017/12/01 19:51:18,32,0.054
000000000000000121000010223,-2.241,1.586,0.685,0,0,2017/12/01 19:51:18,59,0.112
000000000000000121000011108,-2.189,1.372,0.569,0,0,2017/12/01 19:51:18,86,0.242
000000000000000121000010227,-3.236,2.66,0.739,0,0,2017/12/01 19:51:18,113,0.033
000000000000000121000010222,-1.46,2.653,0.621,0,0,2017/12/01 19:51:18,140,0.01
000000000000000121000010226,-3.129,1.034,0.96,0,0,2017/12/01 19:51:18,167,0
000000000000000121000011023,-1.528,1.053,0.45,0,0,2017/12/01 19:51:18,194,0.126
000000000000000121000011103,-3.428,1.117,0.665,0,0,2017/12/01 19:51:18,221,0.229
000000000000000121000011096,-2.101,1.414,0.669,0,0,2017/12/01 19:51:18,248,0.046
000000000000000121000010223,-2.194,1.619,0.673,0,0,2017/12/01 19:51:18,275,0.101
000000000000000121000011108,-2.189,1.377,0.462,0,0,2017/12/01 19:51:18,302,0.285
000000000000000121000011109,-2.19,1.381,0.688,0,0,2017/12/01 19:51:18,329,0.064
000000000000000121000010222,-1.513,2.721,0.8,0,0,2017/12/01 19:51:18,356,0.088
000000000000000121000011086,-1.953,1.527,0.603,0,0,2017/12/01 19:51:18,383,0.094
000000000000000121000011023,-1.535,1.047,0.493,0,0,2017/12/01 19:51:18,410,0.079
000000000000000121000011103,-3.452,1.139,0.593,0,0,2017/12/01 19:51:18,437,0.148
000000000000000121000011096,-2.168,1.383,0.681,0,0,2017/12/01 19:51:18,464,0.03
000000000000000121000010223,-2.165,1.591,0.658,0,0,2017/12/01 19:51:18,491,0.065
000000000000000121000011108,-2.16,1.526,0.789,0,0,2017/12/01 19:51:18,518,0.011
000000000000000121000010227,-3.222,2.66,0.652,0,0,2017/12/01 19:51:18,545,0.018
000000000000000121000010222,-1.455,2.643,0.615,0,0,2017/12/01 19:51:18,573,0.012
000000000000000121000010226,-3.165,0.993,0.914,0,0,2017/12/01 19:51:18,600,0
000000000000000121000011103,-3.435,1.092,0.686,0,0,2017/12/01 19:51:18,654,0.213
000000000000000121000011096,-2.149,1.431,0.632,0,0,2017/12/01 19:51:18,681,0.041
000000000000000121000010223,-2.234,1.545,0.675,0,0,2017/12/01 19:51:18,708,0.074
000000000000000121000011108,-2.171,1.38,0.461,0,0,2017/12/01 19:51:18,735,0.303
000000000000000121000011109,-2.194,1.356,0.704,0,0,2017/12/01 19:51:18,762,0.045
000000000000000121000010222,-1.451,2.846,0.906,0,0,2017/12/01 19:51:18,789,0.26
000000000000000121000011086,-1.941,1.542,0.614,0,0,2017/12/01 19:51:18,816,0.098
000000000000000121000011023,-1.519,0.976,0.538,0,0,2017/12/01 19:51:18,843,0.095
000000000000000121000011103,-3.431,1.134,0.709,0,0,2017/12/01 19:51:18,870,0.167
000000000000000121000011096,-2.148,1.458,0.634,0,0,2017/12/01 19:51:18,897,0.03
000000000000000121000010223,-2.205,1.644,0.635,0,0,2017/12/01 19:51:18,924,0.094
000000000000000121000011108,-2.19,1.366,0.52,0,0,2017/12/01 19:51:18,951,0.215
000000000000000121000010227,-3.255,2.683,0.736,0,0,2017/12/01 19:51:18,978,0.027
000000000000000121000010222,-1.508,2.78,0.788,0,0,2017/12/01 19:51:19,5,0.08
000000000000000121000010226,-3.042,1.376,0.804,0,0,2017/12/01 19:51:19,32,0.025
000000000000000121000011023,-1.578,1.028,0.565,0,0,2017/12/01 19:51:19,59,0.058
000000000000000121000011103,-3.427,1.107,0.676,0,0,2017/12/01 19:51:19,86,0.196
000000000000000121000011096,-2.125,1.41,0.653,0,0,2017/12/01 19:51:19,113,0.042
000000000000000121000010223,-2.22,1.621,0.655,0,0,2017/12/01 19:51:19,140,0.07
000000000000000121000011108,-2.219,1.451,0.744,0,0,2017/12/01 19:51:19,167,0.029
000000000000000121000011109,-2.171,1.375,0.702,0,0,2017/12/01 19:51:19,194,0.072
000000000000000121000010222,-1.526,2.656,0.725,0,0,2017/12/01 19:51:19,221,0.046
000000000000000121000011086,-1.956,1.539,0.653,0,0,2017/12/01 19:51:19,248,0.069
000000000000000121000011023,-1.553,1.124,0.307,0,0,2017/12/01 19:51:19,275,0.168
000000000000000121000011103,-3.452,1.13,0.66,0,0,2017/12/01 19:51:19,302,0.231
000000000000000121000011096,-2.147,1.496,0.681,0,0,2017/12/01 19:51:19,329,0.033
000000000000000121000010223,-2.202,1.583,0.642,0,0,2017/12/01 19:51:19,356,0.073
000000000000000121000011108,-2.242,1.362,0.524,0,0,2017/12/01 19:51:19,383,0.214
000000000000000121000010227,-3.147,2.598,0.751,0,0,2017/12/01 19:51:19,410,0.077
000000000000000121000010222,-1.456,2.764,0.718,0,0,2017/12/01 19:51:19,437,0.075
000000000000000121000010226,-3.15,1.246,0.889,0,0,2017/12/01 19:51:19,464,0.102
000000000000000121000011023,-1.701,1.007,0.121,0,0,2017/12/01 19:51:19,492,0.012
000000000000000121000011103,-3.446,1.096,0.667,0,0,2017/12/01 19:51:19,519,0.248
000000000000000121000011096,-2.131,1.428,0.63,0,0,2017/12/01 19:51:19,546,0.038
000000000000000121000010223,-2.202,1.569,0.699,0,0,2017/12/01 19:51:19,573,0.079
000000000000000121000011108,-2.156,1.365,0.449,0,0,2017/12/01 19:51:19,600,0.256
000000000000000121000011109,-2.19,1.343,0.668,0,0,2017/12/01 19:51:19,627,0.052
000000000000000121000010222,-1.477,2.687,0.825,0,0,2017/12/01 19:51:19,654,0.062
000000000000000121000011086,-1.894,1.505,0.582,0,0,2017/12/01 19:51:19,681,0.104
000000000000000121000011023,-1.576,0.985,0.393,0,0,2017/12/01 19:51:19,708,0.239
000000000000000121000011103,-3.436,1.115,0.685,0,0,2017/12/01 19:51:19,735,0.19
000000000000000121000011096,-2.237,1.376,0.626,0,0,2017/12/01 19:51:19,762,0.075
000000000000000121000010223,-2.172,1.586,0.662,0,0,2017/12/01 19:51:19,789,0.063
000000000000000121000011108,-2.157,1.34,0.566,0,0,2017/12/01 19:51:19,816,0.269
000000000000000121000010227,-3.194,2.697,0.741,0,0,2017/12/01 19:51:19,843,0.027
000000000000000121000010222,-1.455,2.712,0.755,0,0,2017/12/01 19:51:19,870,0.077
000000000000000121000010226,-3.106,1.237,0.82,0,0,2017/12/01 19:51:19,897,0.123
000000000000000121000011103,-3.297,1.263,0.638,0,0,2017/12/01 19:51:19,951,0.143
000000000000000121000011096,-2.063,1.467,0.666,0,0,2017/12/01 19:51:19,978,0.052
000000000000000121000010223,-2.173,1.61,0.686,0,0,2017/12/01 19:51:20,5,0.066
000000000000000121000011108,-2.195,1.396,0.598,0,0,2017/12/01 19:51:20,32,0.305
000000000000000121000011109,-2.17,1.339,0.669,0,0,2017/12/01 19:51:20,59,0.052
000000000000000121000010222,-1.548,2.723,0.625,0,0,2017/12/01 19:51:20,86,0.001
000000000000000121000011086,-1.924,1.498,0.63,0,0,2017/12/01 19:51:20,113,0.103
000000000000000121000011023,-1.582,1.119,0.627,0,0,2017/12/01 19:51:20,140,0.064
000000000000000121000011103,-3.465,1.117,0.693,0,0,2017/12/01 19:51:20,167,0.234
000000000000000121000011096,-2.099,1.416,0.695,0,0,2017/12/01 19:51:20,194,0.05
000000000000000121000010223,-2.201,1.629,0.689,0,0,2017/12/01 19:51:20,221,0.083
000000000000000121000011108,-2.219,1.248,0.47,0,0,2017/12/01 19:51:20,248,0.172
000000000000000121000010227,-3.204,2.677,0.697,0,0,2017/12/01 19:51:20,275,0.041
000000000000000121000010222,-1.583,2.748,0.601,0,0,2017/12/01 19:51:20,302,0.001
000000000000000121000010226,-3.159,1.004,0.956,0,0,2017/12/01 19:51:20,329,0.001
000000000000000121000011023,-1.66,1.058,0.191,0,0,2017/12/01 19:51:20,356,0.213
000000000000000121000011103,-3.411,1.07,0.648,0,0,2017/12/01 19:51:20,383,0.173
000000000000000121000011096,-2.115,1.371,0.66,0,0,2017/12/01 19:51:20,410,0.047
000000000000000121000010223,-2.217,1.572,0.666,0,0,2017/12/01 19:51:20,438,0.091
000000000000000121000011108,-2.176,1.367,0.574,0,0,2017/12/01 19:51:20,465,0.242
000000000000000121000011109,-2.168,1.371,0.66,0,0,2017/12/01 19:51:20,492,0.048
000000000000000121000010222,-1.591,2.665,1.066,0,0,2017/12/01 19:51:20,519,0
000000000000000121000011086,-1.534,1.447,0.397,0,0,2017/12/01 19:51:20,546,0.014
000000000000000121000011023,-1.556,0.999,0.39,0,0,2017/12/01 19:51:20,573,0.172
000000000000000121000011103,-3.444,1.154,0.667,0,0,2017/12/01 19:51:20,600,0.142
000000000000000121000011096,-2.142,1.387,0.663,0,0,2017/12/01 19:51:20,627,0.054
000000000000000121000010223,-2.188,1.571,0.626,0,0,2017/12/01 19:51:20,654,0.074
000000000000000121000011108,-2.192,1.364,0.583,0,0,2017/12/01 19:51:20,681,0.212
000000000000000121000010227,-3.113,2.738,0.795,0,0,2017/12/01 19:51:20,708,0.006
000000000000000121000010222,-1.483,2.841,0.761,0,0,2017/12/01 19:51:20,735,0.095
000000000000000121000010226,-3.096,1.054,0.949,0,0,2017/12/01 19:51:20,762,0
000000000000000121000011103,-3.431,1.132,0.676,0,0,2017/12/01 19:51:20,816,0.246
000000000000000121000011096,-2.165,1.398,0.665,0,0,2017/12/01 19:51:20,843,0.061
000000000000000121000010223,-2.237,1.645,0.669,0,0,2017/12/01 19:51:20,870,0.085
000000000000000121000011108,-2.166,1.378,0.57,0,0,2017/12/01 19:51:20,897,0.258
000000000000000121000011109,-2.135,1.327,0.694,0,0,2017/12/01 19:51:20,924,0.053
000000000000000121000010222,-1.534,2.687,0.631,0,0,2017/12/01 19:51:20,951,0.001
000000000000000121000011086,-1.937,1.502,0.628,0,0,2017/12/01 19:51:20,978,0.087
000000000000000121000011023,-1.326,0.711,0.933,0,0,2017/12/01 19:51:21,5,0.648
000000000000000121000011103,-3.438,1.131,0.685,0,0,2017/12/01 19:51:21,32,0.218
000000000000000121000011096,-2.123,1.416,0.666,0,0,2017/12/01 19:51:21,59,0.06
000000000000000121000010223,-2.186,1.605,0.65,0,0,2017/12/01 19:51:21,86,0.075
000000000000000121000011108,-2.191,1.386,0.491,0,0,2017/12/01 19:51:21,113,0.191
000000000000000121000010227,-3.209,2.653,0.751,0,0,2017/12/01 19:51:21,140,0.038
000000000000000121000010222,-1.483,2.673,0.658,0,0,2017/12/01 19:51:21,167,0.024
000000000000000121000010226,-3.068,1.291,0.893,0,0,2017/12/01 19:51:21,194,0.049
000000000000000121000011023,-1.604,1.123,0.569,0,0,2017/12/01 19:51:21,221,0.07
000000000000000121000011103,-3.489,1.136,0.685,0,0,2017/12/01 19:51:21,248,0.202
000000000000000121000011096,-2.08,1.41,0.592,0,0,2017/12/01 19:51:21,275,0.082
000000000000000121000010223,-2.21,1.591,0.644,0,0,2017/12/01 19:51:21,302,0.101
000000000000000121000011108,-2.197,1.412,0.516,0,0,2017/12/01 19:51:21,329,0.244
000000000000000121000011109,-2.201,1.342,0.659,0,0,2017/12/01 19:51:21,357,0.043
000000000000000121000010222,-1.537,2.713,0.65,0,0,2017/12/01 19:51:21,384,0.001
000000000000000121000011086,-1.957,1.55,0.642,0,0,2017/12/01 19:51:21,411,0.074
000000000000000121000011023,-1.43,1.116,0.406,0,0,2017/12/01 19:51:21,438,0.217
000000000000000121000011103,-3.425,1.097,0.738,0,0,2017/12/01 19:51:21,465,0.165
000000000000000121000011096,-2.188,1.388,0.635,0,0,2017/12/01 19:51:21,492,0.051
000000000000000121000010223,-2.177,1.644,0.834,0,0,2017/12/01 19:51:21,519,0.022
000000000000000121000011108,-2.228,1.357,0.544,0,0,2017/12/01 19:51:21,546,0.426
000000000000000121000010227,-3.215,2.678,0.731,0,0,2017/12/01 19:51:21,573,0.03
000000000000000121000010222,-1.482,2.648,0.591,0,0,2017/12/01 19:51:21,600,0.008
000000000000000121000010226,-3.129,1.17,0.991,0,0,2017/12/01 19:51:21,627,0.036
000000000000000121000011023,-1.468,1.004,0.46,0,0,2017/12/01 19:51:21,654,0.142
000000000000000121000011103,-3.43,1.093,0.734,0,0,2017/12/01 19:51:21,681,0.146
000000000000000121000011096,-2.145,1.399,0.676,0,0,2017/12/01 19:51:21,708,0.053
000000000000000121000010223,-2.266,1.595,0.671,0,0,2017/12/01 19:51:21,735,0.062
000000000000000121000011108,-2.167,1.337,0.53,0,0,2017/12/01 19:51:21,762,0.449
000000000000000121000011109,-2.188,1.351,0.665,0,0,2017/12/01 19:51:21,789,0.048
000000000000000121000010222,-1.418,2.637,0.641,0,0,2017/12/01 19:51:21,816,0.014
000000000000000121000011086,-1.939,1.558,0.671,0,0,2017/12/01 19:51:21,843,0.072
000000000000000121000011023,-1.526,1.093,0.33,0,0,2017/12/01 19:51:21,870,0.276
000000000000000121000011103,-3.443,1.081,0.741,0,0,2017/12/01 19:51:21,897,0.114
000000000000000121000011096,-2.093,1.426,0.682,0,0,2017/12/01 19:51:21,924,0.059
000000000000000121000010223,-2.217,1.615,0.663,0,0,2017/12/01 19:51:21,951,0.081
000000000000000121000011108,-2.174,1.369,0.566,0,0,2017/12/01 19:51:21,978,0.186
000000000000000121000010227,-3.22,2.67,0.726,0,0,2017/12/01 19:51:22,5,0.029
000000000000000121000010222,-1.441,2.671,1.008,0,0,2017/12/01 19:51:22,32,0.056
000000000000000121000010226,-3.123,1.24,0.913,0,0,2017/12/01 19:51:22,59,0.088
000000000000000121000011023,-1.62,1.044,0.688,0,0,2017/12/01 19:51:22,86,0.117
000000000000000121000011103,-3.35,1.156,0.582,0,0,2017/12/01 19:51:22,113,0.064
000000000000000121000011096,-2.119,1.369,0.552,0,0,2017/12/01 19:51:22,140,0.027
000000000000000121000010223,-2.211,1.593,0.641,0,0,2017/12/01 19:51:22,167,0.073
000000000000000121000011108,-2.161,1.362,0.597,0,0,2017/12/01 19:51:22,194,0.327
000000000000000121000011109,-2.136,1.35,0.659,0,0,2017/12/01 19:51:22,221,0.062
000000000000000121000010222,-1.457,2.849,0.838,0,0,2017/12/01 19:51:22,248,0.131
000000000000000121000011086,-1.984,1.529,0.698,0,0,2017/12/01 19:51:22,275,0.071
000000000000000121000011023,-1.558,0.985,0.538,0,0,2017/12/01 19:51:22,303,0.06
000000000000000121000011103,-3.455,1.065,0.682,0,0,2017/12/01 19:51:22,330,0.15
000000000000000121000011096,-2.094,1.425,0.671,0,0,2017/12/01 19:51:22,357,0.055
000000000000000121000010223,-2.229,1.636,0.647,0,0,2017/12/01 19:51:22,384,0.063
000000000000000121000011108,-2.163,1.346,0.565,0,0,2017/12/01 19:51:22,411,0.293
000000000000000121000010227,-3.149,2.574,0.714,0,0,2017/12/01 19:51:22,438,0.092
000000000000000121000010222,-1.417,2.771,0.785,0,0,2017/12/01 19:51:22,465,0.106
000000000000000121000010226,-3.117,1.06,0.941,0,0,2017/12/01 19:51:22,492,0.001
000000000000000121000011023,-2.011,0.594,1.07,0,0,2017/12/01 19:51:22,519,0.637
000000000000000121000011103,-3.424,1.018,0.604,0,0,2017/12/01 19:51:22,546,0.182
000000000000000121000011096,-2.098,1.423,0.666,0,0,2017/12/01 19:51:22,573,0.059
000000000000000121000010223,-2.261,1.609,0.671,0,0,2017/12/01 19:51:22,600,0.067
000000000000000121000011108,-2.165,1.357,0.497,0,0,2017/12/01 19:51:22,627,0.306
000000000000000121000011109,-2.166,1.359,0.691,0,0,2017/12/01 19:51:22,654,0.063
000000000000000121000010222,-1.485,2.843,0.753,0,0,2017/12/01 19:51:22,681,0.077
000000000000000121000011086,-1.86,1.507,0.632,0,0,2017/12/01 19:51:22,708,0.083
000000000000000121000011023,-1.308,0.659,0.843,0,0,2017/12/01 19:51:22,735,0.684
000000000000000121000011103,-3.396,1.069,0.686,0,0,2017/12/01 19:51:22,762,0.14
000000000000000121000011096,-2.211,1.363,0.664,0,0,2017/12/01 19:51:22,789,0.048
000000000000000121000010223,-2.233,1.602,0.663,0,0,2017/12/01 19:51:22,816,0.076
000000000000000121000011108,-2.227,1.363,0.527,0,0,2017/12/01 19:51:22,843,0.307
000000000000000121000010227,-3.183,2.714,0.719,0,0,2017/12/01 19:51:22,870,0.023
000000000000000121000010222,-1.475,2.675,0.831,0,0,2017/12/01 19:51:22,897,0.074
000000000000000121000010226,-3.18,1.021,0.963,0,0,2017/12/01 19:51:22,924,0.003
000000000000000121000011023,-1.594,1.031,0.635,0,0,2017/12/01 19:51:22,951,0.083
000000000000000121000011103,-3.465,1.09,0.681,0,0,2017/12/01 19:51:22,978,0.191
000000000000000121000011096,-2.1,1.412,0.647,0,0,2017/12/01 19:51:23,5,0.064
000000000000000121000010223,-2.178,1.638,0.686,0,0,2017/12/01 19:51:23,32,0.08
000000000000000121000011108,-2.17,1.375,0.603,0,0,2017/12/01 19:51:23,59,0.287
000000000000000121000011109,-2.185,1.339,0.641,0,0,2017/12/01 19:51:23,86,0.042
000000000000000121000010222,-1.528,2.824,0.796,0,0,2017/12/01 19:51:23,113,0.096
000000000000000121000011086,-1.969,1.509,0.685,0,0,2017/12/01 19:51:23,140,0.129
000000000000000121000011023,-1.61,0.768,0.858,0,0,2017/12/01 19:51:23,167,0.825
000000000000000121000011103,-3.419,1.043,0.688,0,0,2017/12/01 19:51:23,194,0.152
000000000000000121000011096,-2.137,1.389,0.609,0,0,2017/12/01 19:51:23,222,0.053
000000000000000121000010223,-2.264,1.673,0.671,0,0,2017/12/01 19:51:23,249,0.063
000000000000000121000011108,-2.172,1.385,0.628,0,0,2017/12/01 19:51:23,276,0.253
000000000000000121000010227,-3.158,2.736,0.726,0,0,2017/12/01 19:51:23,303,0.018
000000000000000121000010222,-1.454,2.753,0.803,0,0,2017/12/01 19:51:23,330,0.069
000000000000000121000010226,-3.061,1.174,0.917,0,0,2017/12/01 19:51:23,357,0.053
000000000000000121000011103,-3.451,1.08,0.744,0,0,2017/12/01 19:51:23,411,0.151
000000000000000121000011096,-2.11,1.423,0.553,0,0,2017/12/01 19:51:23,438,0.009
000000000000000121000010223,-2.165,1.583,0.629,0,0,2017/12/01 19:51:23,465,0.057
000000000000000121000011108,-2.166,1.349,0.556,0,0,2017/12/01 19:51:23,492,0.323
000000000000000121000011109,-2.169,1.341,0.642,0,0,2017/12/01 19:51:23,519,0.059
000000000000000121000010222,-1.487,2.669,0.665,0,0,2017/12/01 19:51:23,546,0.017
000000000000000121000011086,-1.94,1.534,0.642,0,0,2017/12/01 19:51:23,573,0.091
000000000000000121000011023,-1.612,1.056,0.565,0,0,2017/12/01 19:51:23,600,0.063
