000000000000000121000011096,0.134,6.69,-2.79,1.34
000000000000000121000010223,0.147,5.85,-2.90,1.09
000000000000000121000011096,0.132,6.69,-2.79,1.34
000000000000000121000010223,0.152,5.87,-2.90,1.09
000000000000000121000011096,0.131,6.70,-2.79,1.35
000000000000000121000010223,0.155,5.89,-2.89,1.09
000000000000000121000011096,0.145,6.63,-2.79,1.30
000000000000000121000010223,0.153,5.90,-2.89,1.09
000000000000000121000011096,0.140,6.63,-2.79,1.31
000000000000000121000010223,0.151,5.92,-2.89,1.10
000000000000000121000011096,0.138,6.64,-2.79,1.31
000000000000000121000010223,0.153,5.95,-2.89,1.10
000000000000000121000011096,0.136,6.65,-2.79,1.32
000000000000000121000010223,0.149,5.97,-2.89,1.10
000000000000000121000011096,0.133,6.65,-2.79,1.33
000000000000000121000010223,0.149,5.99,-2.89,1.10
000000000000000121000011096,0.131,6.66,-2.79,1.33
000000000000000121000010223,0.149,6.00,-2.89,1.10
000000000000000121000011096,0.130,6.66,-2.79,1.33
000000000000000121000010223,0.145,6.01,-2.89,1.10
000000000000000121000011096,0.133,6.67,-2.79,1.34
000000000000000121000010223,0.145,6.02,-2.89,1.10
000000000000000121000011096,0.149,6.59,-2.80,1.32
000000000000000121000010223,0.152,6.02,-2.89,1.10
000000000000000121000011096,0.162,6.46,-2.81,1.25
000000000000000121000010223,0.152,6.03,-2.89,1.10
000000000000000121000011096,0.162,6.15,-2.84,1.17
000000000000000121000010223,0.150,6.03,-2.88,1.10
000000000000000121000011096,0.208,6.04,-2.86,1.18
000000000000000121000010223,0.152,6.03,-2.88,1.10
000000000000000121000011096,0.319,5.92,-2.87,1.19
000000000000000121000010223,0.254,5.94,-2.86,1.19
000000000000000121000011096,0.005,5.37,-2.99,1.02
000000000000000121000010223,0.182,5.95,-2.86,1.18
000000000000000121000011096,0.253,5.37,-2.98,1.14
000000000000000121000010223,0.167,6.09,-2.86,1.11
000000000000000121000011096,0.232,5.37,-2.98,1.14
000000000000000121000010223,0.158,6.09,-2.86,1.11
000000000000000121000010223,0.152,6.09,-2.86,1.12
000000000000000121000011096,0.186,6.74,-3.07,1.55
000000000000000121000010223,0.150,6.10,-2.86,1.11
000000000000000121000011096,0.110,6.76,-2.87,1.36
000000000000000121000010223,0.148,6.10,-2.86,1.12
000000000000000121000011096,0.102,6.76,-2.87,1.36
000000000000000121000010223,0.149,6.11,-2.86,1.12
000000000000000121000011096,0.107,6.76,-2.86,1.37
000000000000000121000010223,0.162,6.11,-2.88,1.08
000000000000000121000011096,0.116,6.76,-2.85,1.37
000000000000000121000010223,0.156,6.10,-2.88,1.08
000000000000000121000011096,0.120,6.76,-2.85,1.37
000000000000000121000010223,0.155,6.10,-2.88,1.08
000000000000000121000011096,0.121,6.76,-2.84,1.38
000000000000000121000010223,0.151,6.10,-2.88,1.09
000000000000000121000011096,0.138,6.66,-2.81,1.34
000000000000000121000010223,0.151,6.10,-2.88,1.09
000000000000000121000011096,0.153,6.55,-2.82,1.30
000000000000000121000010223,0.152,6.10,-2.88,1.09
000000000000000121000011096,0.178,6.43,-2.83,1.28
000000000000000121000010223,0.152,6.09,-2.88,1.09
000000000000000121000011096,0.167,6.11,-2.86,1.19
000000000000000121000010223,0.149,6.09,-2.88,1.09
000000000000000121000011096,0.010,5.42,-2.90,1.06
000000000000000121000010223,0.152,6.09,-2.88,1.09
000000000000000121000011096,0.239,5.42,-2.90,1.07
000000000000000121000010223,0.156,6.09,-2.89,1.09
000000000000000121000011096,0.193,5.42,-2.90,1.08
000000000000000121000010223,0.156,6.08,-2.88,1.10
000000000000000121000011096,0.185,5.42,-2.89,1.09
000000000000000121000010223,0.154,6.08,-2.88,1.10
000000000000000121000011096,0.194,5.42,-2.89,1.09
000000000000000121000010223,0.149,6.08,-2.88,1.10
000000000000000121000011096,0.206,5.42,-2.89,1.10
000000000000000121000010223,0.173,6.08,-2.88,1.10
000000000000000121000011096,0.215,5.43,-2.88,1.10
000000000000000121000010223,0.161,6.08,-2.88,1.10
000000000000000121000011096,0.221,5.43,-2.88,1.10
000000000000000121000010223,0.156,6.08,-2.88,1.10
000000000000000121000011096,0.198,5.45,-2.89,1.11
000000000000000121000010223,0.156,6.08,-2.88,1.10
000000000000000121000011096,0.258,5.76,-2.94,1.15
000000000000000121000010223,0.157,6.07,-2.88,1.10
000000000000000121000011096,0.226,5.75,-2.93,1.15
000000000000000121000010223,0.160,6.07,-2.89,1.10
000000000000000121000011096,0.216,5.74,-2.93,1.15
000000000000000121000010223,0.154,6.07,-2.89,1.10
000000000000000121000011096,0.179,5.73,-2.93,1.15
000000000000000121000010223,0.156,6.07,-2.89,1.10
000000000000000121000011096,0.194,5.71,-2.92,1.15
000000000000000121000010223,0.151,6.07,-2.89,1.10
000000000000000121000011096,0.213,5.71,-2.93,1.15
000000000000000121000010223,0.151,6.07,-2.89,1.10
000000000000000121000011096,0.209,5.71,-2.93,1.15
000000000000000121000011096,0.189,5.71,-2.92,1.15
000000000000000121000010223,0.551,6.09,-2.89,1.06
000000000000000121000011096,0.228,5.93,-2.93,1.17
000000000000000121000011096,0.264,6.11,-2.91,1.17
000000000000000121000011096,0.176,6.76,-2.82,1.31
000000000000000121000011096,0.273,6.94,-2.74,1.19
000000000000000121000011096,0.130,6.86,-2.31,1.21
000000000000000121000011096,0.338,6.98,-2.02,1.07
000000000000000121000011096,0.482,5.94,-2.77,1.10
000000000000000121000011096,0.197,5.94,-2.77,1.10
000000000000000121000010223,0.467,5.89,-2.80,0.92
000000000000000121000011096,0.163,6.02,-2.85,1.17
000000000000000121000010223,0.177,5.88,-2.87,1.09
000000000000000121000011096,0.150,6.02,-2.85,1.17
000000000000000121000010223,0.152,5.88,-2.87,1.09
000000000000000121000011096,0.144,6.03,-2.85,1.17
000000000000000121000010223,0.217,5.87,-2.87,1.10
000000000000000121000011096,0.183,6.04,-2.85,1.16
000000000000000121000010223,0.203,5.87,-2.88,1.10
000000000000000121000011096,0.167,5.90,-2.83,0.99
000000000000000121000010223,0.176,5.88,-2.88,1.10
000000000000000121000011096,0.172,5.94,-2.87,1.12
000000000000000121000010223,0.164,5.88,-2.89,1.09
000000000000000121000011096,0.143,5.94,-2.87,1.12
000000000000000121000010223,0.160,5.88,-2.90,1.09
000000000000000121000011096,0.159,5.94,-2.87,1.12
000000000000000121000010223,0.186,5.88,-2.90,1.09
000000000000000121000011096,0.175,5.95,-2.87,1.12
000000000000000121000010223,0.177,5.88,-2.91,1.09
000000000000000121000011096,0.163,5.95,-2.87,1.12
000000000000000121000010223,0.167,5.88,-2.91,1.09
000000000000000121000011096,0.156,5.96,-2.87,1.12
000000000000000121000010223,0.165,5.88,-2.92,1.09
000000000000000121000011096,0.153,5.96,-2.87,1.12
000000000000000121000010223,0.162,5.87,-2.92,1.09
000000000000000121000011096,0.159,5.96,-2.87,1.12
000000000000000121000010223,0.162,5.87,-2.92,1.09
000000000000000121000011096,0.154,5.97,-2.87,1.12
000000000000000121000010223,0.163,5.88,-2.91,1.09
000000000000000121000011096,0.155,5.98,-2.86,1.12
000000000000000121000010223,0.161,5.87,-2.91,1.09
000000000000000121000011096,0.151,5.98,-2.86,1.12
000000000000000121000010223,0.161,5.88,-2.91,1.09
000000000000000121000011096,0.152,5.99,-2.85,1.12
000000000000000121000010223,0.160,5.88,-2.91,1.09
000000000000000121000011096,0.149,6.01,-2.85,1.13
000000000000000121000010223,0.158,5.89,-2.91,1.10
000000000000000121000011096,0.145,6.02,-2.84,1.13
000000000000000121000010223,0.158,5.89,-2.91,1.09
000000000000000121000011096,0.145,6.04,-2.84,1.13
000000000000000121000010223,0.161,5.90,-2.91,1.09
000000000000000121000011096,0.162,6.04,-2.84,1.13
000000000000000121000010223,0.182,5.91,-2.91,1.10
000000000000000121000011096,0.157,6.05,-2.84,1.13
000000000000000121000010223,0.176,5.93,-2.91,1.10
000000000000000121000011096,0.155,6.05,-2.84,1.14
000000000000000121000010223,0.161,5.94,-2.91,1.10
000000000000000121000011096,0.171,6.24,-2.83,1.19
000000000000000121000010223,0.167,5.96,-2.91,1.10
000000000000000121000011096,0.466,6.04,-2.79,1.11
000000000000000121000010223,0.157,5.96,-2.90,1.10
000000000000000121000011096,0.322,5.93,-2.74,1.18
000000000000000121000010223,0.157,5.98,-2.90,1.10
000000000000000121000011096,0.183,5.99,-2.81,1.12
000000000000000121000010223,0.152,5.98,-2.89,1.11
000000000000000121000011096,0.243,5.98,-2.81,1.12
000000000000000121000010223,0.151,5.98,-2.89,1.11
000000000000000121000011096,0.307,5.81,-2.74,1.22
000000000000000121000010223,0.157,5.97,-2.88,1.11
000000000000000121000011096,0.198,5.96,-2.74,1.11
000000000000000121000010223,0.174,5.96,-2.88,1.11
000000000000000121000011096,0.190,5.96,-2.75,1.11
000000000000000121000010223,0.184,5.94,-2.88,1.11
000000000000000121000011096,0.165,5.96,-2.76,1.11
000000000000000121000010223,0.172,5.94,-2.87,1.11
000000000000000121000011096,0.177,5.96,-2.77,1.11
000000000000000121000010223,0.180,5.92,-2.88,1.12
000000000000000121000011096,0.182,5.96,-2.79,1.12
000000000000000121000010223,0.177,5.91,-2.94,1.26
000000000000000121000011096,0.165,5.96,-2.80,1.12
000000000000000121000010223,0.224,5.91,-2.95,1.25
000000000000000121000011096,0.162,5.97,-2.81,1.12
000000000000000121000010223,0.721,5.82,-2.96,1.29
000000000000000121000011096,0.149,5.97,-2.82,1.12
000000000000000121000010223,0.202,5.81,-2.96,1.28
000000000000000121000011096,0.152,5.97,-2.82,1.12
000000000000000121000010223,0.166,5.90,-2.97,1.21
000000000000000121000011096,0.155,5.98,-2.82,1.12
000000000000000121000010223,0.153,5.90,-2.97,1.22
000000000000000121000011096,0.244,5.99,-2.82,1.13
000000000000000121000010223,0.166,6.10,-2.97,1.22
000000000000000121000011096,0.178,5.99,-2.82,1.13
000000000000000121000010223,0.166,6.09,-2.97,1.22
000000000000000121000011096,0.280,5.99,-2.82,1.13
000000000000000121000010223,0.156,6.09,-2.98,1.22
000000000000000121000011096,0.183,5.98,-2.82,1.13
000000000000000121000010223,0.169,5.97,-2.94,1.16
000000000000000121000011096,0.168,5.98,-2.83,1.13
000000000000000121000010223,0.176,5.97,-2.94,1.16
000000000000000121000011096,0.161,5.98,-2.83,1.12
000000000000000121000010223,0.277,5.97,-2.94,1.17
000000000000000121000011096,0.159,5.97,-2.84,1.12
000000000000000121000010223,0.268,5.62,-2.89,0.94
000000000000000121000011096,0.183,5.97,-2.84,1.12
000000000000000121000010223,0.188,5.62,-2.77,1.14
000000000000000121000011096,0.276,5.97,-2.85,1.13
000000000000000121000010223,0.160,5.62,-2.78,1.13
000000000000000121000011096,0.187,5.97,-2.85,1.13
000000000000000121000010223,0.155,5.63,-2.78,1.13
000000000000000121000011096,0.198,5.97,-2.86,1.13
000000000000000121000010223,0.169,5.64,-2.79,1.12
000000000000000121000011096,0.173,5.96,-2.86,1.13
000000000000000121000010223,0.164,5.66,-2.80,1.12
000000000000000121000011096,0.162,5.96,-2.86,1.13
000000000000000121000010223,0.162,5.68,-2.81,1.11
000000000000000121000011096,0.159,5.95,-2.86,1.12
000000000000000121000010223,0.177,5.70,-2.82,1.11
000000000000000121000011096,0.161,5.95,-2.86,1.12
000000000000000121000010223,0.183,5.72,-2.82,1.11
000000000000000121000011096,0.181,5.95,-2.86,1.12
000000000000000121000010223,0.186,5.74,-2.83,1.10
000000000000000121000011096,0.167,5.94,-2.87,1.12
000000000000000121000010223,0.288,5.84,-2.88,1.18
000000000000000121000011096,0.162,5.93,-2.87,1.12
000000000000000121000010223,0.732,5.88,-2.69,0.89
000000000000000121000011096,0.177,5.93,-2.88,1.12
000000000000000121000010223,0.182,5.84,-2.77,1.08
000000000000000121000011096,0.166,5.93,-2.88,1.12
000000000000000121000010223,0.156,5.84,-2.77,1.08
000000000000000121000011096,0.178,6.13,-2.85,1.17
000000000000000121000010223,0.152,5.85,-2.77,1.08
000000000000000121000011096,0.687,5.77,-2.75,0.94
000000000000000121000010223,0.169,5.86,-2.78,1.08
000000000000000121000011096,0.194,5.78,-2.79,1.12
000000000000000121000010223,0.800,5.67,-2.75,0.86
000000000000000121000011096,0.177,5.78,-2.80,1.12
000000000000000121000010223,0.191,5.79,-2.83,1.06
000000000000000121000011096,0.176,5.78,-2.80,1.12
000000000000000121000010223,0.153,5.90,-2.83,1.10
000000000000000121000011096,0.182,5.79,-2.81,1.12
000000000000000121000010223,0.155,5.90,-2.83,1.10
000000000000000121000011096,0.188,5.80,-2.82,1.12
000000000000000121000010223,0.240,5.97,-2.86,1.22
000000000000000121000011096,0.168,6.03,-2.86,1.14
000000000000000121000010223,0.177,6.08,-2.85,1.12
000000000000000121000011096,0.169,6.03,-2.87,1.14
000000000000000121000010223,0.159,6.09,-2.85,1.12
000000000000000121000011096,0.172,6.04,-2.87,1.14
000000000000000121000010223,0.156,6.09,-2.85,1.12
000000000000000121000011096,0.206,6.05,-2.87,1.14
000000000000000121000010223,0.155,6.09,-2.85,1.11
000000000000000121000011096,0.163,6.06,-2.87,1.14
000000000000000121000010223,0.155,6.09,-2.84,1.11
000000000000000121000011096,0.153,6.07,-2.87,1.14
000000000000000121000010223,0.154,6.09,-2.84,1.11
000000000000000121000011096,0.146,6.08,-2.87,1.15
000000000000000121000010223,0.166,6.09,-2.84,1.10
000000000000000121000011096,0.164,6.08,-2.87,1.15
000000000000000121000010223,0.160,6.09,-2.84,1.10
000000000000000121000011096,0.173,6.10,-2.87,1.15
000000000000000121000010223,0.151,6.08,-2.84,1.10
000000000000000121000011096,0.148,6.11,-2.87,1.15
000000000000000121000010223,0.167,6.07,-2.84,1.10
000000000000000121000011096,0.147,6.29,-2.84,1.20
000000000000000121000010223,0.161,6.06,-2.84,1.10
000000000000000121000011096,0.151,6.29,-2.84,1.20
000000000000000121000010223,0.252,6.05,-2.84,1.11
000000000000000121000011096,0.162,6.31,-2.84,1.20
000000000000000121000010223,0.187,6.04,-2.84,1.11
000000000000000121000010223,0.170,6.04,-2.84,1.11
000000000000000121000011096,0.533,5.93,-2.73,1.09
000000000000000121000010223,0.162,6.03,-2.83,1.11
000000000000000121000011096,0.196,5.93,-2.73,1.09
000000000000000121000010223,0.160,6.02,-2.83,1.10
000000000000000121000011096,0.162,5.94,-2.74,1.09
000000000000000121000010223,0.161,6.01,-2.82,1.10
000000000000000121000011096,0.151,5.95,-2.75,1.10
000000000000000121000010223,0.162,6.01,-2.82,1.10
000000000000000121000011096,0.149,5.97,-2.75,1.11
000000000000000121000010223,0.160,6.01,-2.82,1.10
000000000000000121000011096,0.241,5.99,-2.76,1.11
000000000000000121000010223,0.172,6.01,-2.82,1.10
000000000000000121000011096,0.163,6.01,-2.77,1.12
000000000000000121000010223,0.165,6.01,-2.82,1.10
000000000000000121000011096,0.150,6.03,-2.77,1.13
000000000000000121000010223,0.160,6.01,-2.82,1.10
000000000000000121000011096,0.169,6.06,-2.78,1.13
000000000000000121000010223,0.158,6.01,-2.82,1.10
000000000000000121000011096,0.147,6.08,-2.78,1.13
000000000000000121000010223,0.157,6.01,-2.82,1.10
000000000000000121000011096,0.146,6.10,-2.78,1.14
000000000000000121000010223,0.168,6.01,-2.82,1.10
000000000000000121000011096,0.143,6.11,-2.79,1.14
000000000000000121000010223,0.881,5.76,-2.66,0.85
000000000000000121000010223,0.179,5.85,-2.78,1.08
000000000000000121000010223,0.342,5.78,-2.70,0.99
000000000000000121000011096,0.199,6.04,-2.84,1.14
000000000000000121000010223,0.342,5.78,-2.70,0.99
000000000000000121000010223,0.018,5.90,-2.88,0.86
000000000000000121000010223,0.156,5.91,-2.87,1.08
000000000000000121000010223,0.144,5.90,-2.87,1.08
000000000000000121000010223,0.143,5.90,-2.87,1.08
000000000000000121000010223,0.154,5.90,-2.87,1.08
000000000000000121000010223,0.161,5.89,-2.87,1.08
000000000000000121000010223,0.161,5.89,-2.87,1.08
000000000000000121000010223,0.166,5.89,-2.87,1.08
000000000000000121000010223,0.169,5.88,-2.88,1.08
000000000000000121000010223,0.168,5.88,-2.88,1.07
000000000000000121000010223,0.171,5.87,-2.88,1.07
000000000000000121000010223,0.171,5.87,-2.88,1.07
000000000000000121000010223,0.163,5.87,-2.88,1.07
000000000000000121000010223,0.161,5.87,-2.88,1.07
000000000000000121000010223,0.255,5.84,-2.88,1.18
000000000000000121000010223,0.188,5.80,-2.88,1.06
000000000000000121000011096,0.102,5.49,-4.00,1.14
000000000000000121000010223,0.197,5.80,-2.88,1.06
000000000000000121000011096,0.229,5.49,-4.00,1.15
000000000000000121000010223,0.170,5.80,-2.88,1.06
000000000000000121000011096,0.185,5.48,-4.00,1.15
000000000000000121000010223,0.185,5.80,-2.88,1.06
000000000000000121000011096,0.174,5.47,-3.99,1.15
000000000000000121000010223,0.176,5.80,-2.88,1.06
000000000000000121000011096,0.174,5.46,-3.98,1.16
000000000000000121000010223,0.197,5.81,-2.88,1.07
000000000000000121000011096,0.194,5.44,-3.96,1.16
000000000000000121000010223,0.174,5.82,-2.88,1.07
000000000000000121000011096,0.192,5.42,-3.94,1.16
000000000000000121000010223,0.166,5.82,-2.88,1.07
000000000000000121000011096,0.190,5.40,-3.91,1.16
000000000000000121000010223,0.149,5.83,-2.88,1.07
000000000000000121000011096,0.191,5.37,-3.88,1.16
000000000000000121000010223,0.233,5.83,-2.88,1.08
000000000000000121000011096,0.207,5.34,-3.85,1.16
000000000000000121000010223,0.182,5.83,-2.88,1.08
000000000000000121000011096,0.221,4.96,-3.52,1.17
000000000000000121000010223,0.188,5.83,-2.88,1.08
000000000000000121000011096,0.231,4.95,-3.51,1.17
000000000000000121000010223,0.176,5.83,-2.88,1.08
000000000000000121000011096,0.232,4.70,-3.40,1.18
000000000000000121000011096,0.231,4.70,-3.40,1.17
000000000000000121000010223,0.114,5.84,-2.87,0.89
000000000000000121000011096,0.232,4.60,-3.36,1.20
000000000000000121000011096,0.238,4.59,-3.36,1.20
000000000000000121000011096,0.234,4.58,-3.36,1.20
000000000000000121000011096,0.239,4.57,-3.35,1.20
000000000000000121000011096,0.311,4.56,-3.36,1.20
000000000000000121000011096,0.357,4.55,-3.37,1.20
000000000000000121000011096,0.394,4.54,-3.38,1.20
000000000000000121000011096,0.318,4.63,-3.34,1.19
000000000000000121000011096,0.257,4.94,-3.09,1.20
000000000000000121000011096,0.225,5.02,-3.01,1.22
000000000000000121000011096,0.235,5.03,-3.01,1.22
000000000000000121000011096,0.217,5.03,-3.00,1.21
000000000000000121000011096,0.210,5.18,-2.96,1.21
000000000000000121000011096,0.221,5.18,-2.96,1.21
000000000000000121000011096,0.783,4.77,-2.56,1.30
000000000000000121000011096,0.217,4.89,-2.71,1.24
000000000000000121000011096,0.181,4.97,-2.81,1.19
000000000000000121000011096,0.172,4.97,-2.82,1.19
000000000000000121000011096,0.184,4.98,-2.83,1.20
000000000000000121000011096,0.172,4.99,-2.84,1.20
000000000000000121000011096,0.328,5.14,-3.00,1.15
000000000000000121000011096,0.254,5.14,-3.01,1.15
000000000000000121000011096,0.202,5.13,-3.01,1.16
000000000000000121000011096,0.192,5.12,-3.01,1.16
000000000000000121000011096,0.187,5.10,-3.01,1.17
000000000000000121000011096,0.200,5.08,-3.00,1.17
000000000000000121000011096,0.215,5.07,-2.99,1.17
000000000000000121000011096,0.222,5.05,-2.99,1.17
000000000000000121000011096,0.245,5.04,-3.00,1.18
000000000000000121000011096,0.279,5.03,-3.01,1.18
000000000000000121000011096,0.247,5.09,-3.11,1.24
000000000000000121000011096,0.253,5.24,-3.13,1.20
000000000000000121000011096,0.022,4.97,-3.13,1.20
000000000000000121000011096,0.270,4.97,-3.13,1.20
000000000000000121000011096,0.218,4.97,-3.14,1.20
000000000000000121000011096,0.718,5.00,-2.93,1.25
000000000000000121000011096,0.213,4.99,-2.94,1.24
000000000000000121000010223,0.114,5.84,-2.87,0.89
000000000000000121000011096,0.044,4.56,-3.10,1.06
000000000000000121000011096,0.255,4.77,-3.13,1.17
000000000000000121000011096,0.210,4.77,-3.12,1.17
000000000000000121000011096,0.204,4.77,-3.11,1.17
000000000000000121000011096,0.216,4.77,-3.10,1.17
000000000000000121000011096,0.217,4.78,-3.10,1.17
000000000000000121000011096,0.219,4.78,-3.10,1.17
000000000000000121000011096,0.221,4.79,-3.09,1.17
000000000000000121000011096,0.222,4.79,-3.09,1.17
000000000000000121000011096,0.207,4.75,-2.92,1.20
000000000000000121000011096,0.214,4.74,-2.93,1.20
000000000000000121000011096,0.228,4.73,-2.93,1.20
000000000000000121000011096,0.216,4.72,-2.94,1.19
000000000000000121000011096,0.224,4.72,-2.95,1.19
000000000000000121000011096,0.216,4.72,-2.96,1.19
000000000000000121000011096,0.190,4.77,-2.94,1.16
000000000000000121000011096,0.260,4.74,-2.77,1.19
000000000000000121000011096,0.391,4.55,-2.73,0.99
000000000000000121000011096,0.213,4.52,-2.90,1.14
000000000000000121000011096,0.189,4.53,-2.89,1.15
000000000000000121000011096,0.196,4.53,-2.89,1.15
000000000000000121000011096,0.186,4.52,-3.04,1.16
000000000000000121000011096,0.208,4.52,-3.04,1.16
000000000000000121000011096,0.215,4.52,-3.04,1.17
000000000000000121000011096,0.225,4.53,-3.05,1.17
000000000000000121000011096,0.219,4.54,-3.05,1.17
000000000000000121000011096,0.205,4.54,-3.06,1.17
000000000000000121000011096,0.205,4.55,-3.06,1.17
000000000000000121000011096,0.205,4.55,-3.07,1.17
000000000000000121000011096,0.207,4.56,-3.07,1.17
000000000000000121000011096,0.212,4.66,-2.97,1.17
000000000000000121000011096,0.229,4.70,-2.85,1.11
000000000000000121000011096,0.212,4.67,-2.75,1.15
000000000000000121000011096,0.189,4.68,-2.74,1.15
000000000000000121000011096,0.230,4.72,-2.51,1.17
000000000000000121000011096,0.262,4.72,-2.37,1.18
000000000000000121000011096,0.229,4.66,-2.59,1.13
000000000000000121000011096,0.216,4.66,-2.60,1.13
000000000000000121000011096,0.196,4.65,-2.61,1.13
000000000000000121000011096,0.211,4.68,-2.78,1.15
000000000000000121000011096,0.205,4.69,-2.79,1.15
000000000000000121000011096,0.208,4.69,-2.80,1.15
000000000000000121000011096,0.206,4.69,-2.80,1.15
000000000000000121000011096,0.208,4.69,-2.81,1.15
000000000000000121000011096,0.202,4.69,-2.82,1.15
000000000000000121000011096,0.222,4.69,-2.83,1.16
000000000000000121000011096,0.233,4.68,-2.85,1.16
000000000000000121000011096,0.298,4.67,-2.86,1.16
000000000000000121000011096,0.343,4.51,-2.85,1.20
000000000000000121000011096,0.242,4.63,-2.82,1.17
000000000000000121000011096,0.229,4.64,-2.81,1.17
000000000000000121000011096,0.218,4.65,-2.81,1.17
000000000000000121000011096,0.208,4.66,-2.80,1.17
000000000000000121000011096,0.219,4.83,-2.84,1.16
000000000000000121000011096,0.226,4.88,-2.97,1.15
000000000000000121000011096,0.229,4.89,-2.97,1.15
000000000000000121000011096,0.230,5.01,-3.12,1.18
000000000000000121000011096,0.305,4.91,-2.99,1.19
000000000000000121000011096,0.383,4.87,-2.77,1.18
000000000000000121000011096,0.442,4.76,-2.54,1.21
000000000000000121000011096,0.269,4.62,-2.73,1.15
000000000000000121000011096,0.336,4.52,-2.56,1.18
000000000000000121000011096,0.250,4.57,-2.68,1.14
000000000000000121000011096,0.226,4.58,-2.69,1.14
000000000000000121000011096,0.240,4.58,-2.70,1.14
000000000000000121000011096,0.205,4.59,-2.72,1.15
000000000000000121000011096,0.197,4.60,-2.73,1.15
000000000000000121000011096,0.195,4.61,-2.74,1.15
000000000000000121000011096,0.241,4.63,-2.76,1.15
000000000000000121000011096,0.195,4.62,-2.88,1.03
000000000000000121000011096,0.221,4.68,-2.89,1.17
000000000000000121000011096,0.195,4.72,-3.04,1.15
000000000000000121000011096,0.195,4.77,-3.12,1.19
000000000000000121000011096,0.441,4.54,-2.74,1.19
000000000000000121000011096,0.257,4.70,-2.84,1.22
000000000000000121000011096,0.202,4.71,-2.83,1.22
000000000000000121000011096,0.187,4.71,-2.82,1.21
000000000000000121000011096,0.194,4.71,-2.81,1.21
000000000000000121000011096,0.208,4.70,-2.79,1.21
000000000000000121000011096,0.231,4.74,-2.67,1.17
000000000000000121000011096,0.216,4.74,-2.67,1.17
000000000000000121000011096,0.222,4.80,-2.86,1.20
000000000000000121000011096,0.216,4.91,-3.05,1.19
000000000000000121000011096,0.206,5.00,-3.16,1.20
000000000000000121000011096,0.224,5.15,-3.20,1.23
000000000000000121000011096,0.211,5.15,-3.20,1.23
000000000000000121000011096,0.217,5.15,-3.20,1.23
000000000000000121000011096,0.245,5.02,-2.74,1.33
000000000000000121000011096,0.245,5.02,-2.92,1.20
000000000000000121000011096,0.205,5.02,-2.93,1.20
000000000000000121000011096,0.237,5.02,-2.94,1.20
000000000000000121000011096,0.003,4.72,-3.27,1.16
000000000000000121000011096,0.263,4.72,-3.27,1.16
000000000000000121000011096,0.230,4.72,-3.28,1.16
000000000000000121000011096,0.245,4.72,-3.28,1.16
000000000000000121000011096,0.250,4.73,-3.29,1.17
000000000000000121000011096,0.285,4.75,-3.29,1.17
000000000000000121000011096,0.273,5.01,-3.32,1.19
000000000000000121000011096,0.257,4.84,-3.30,1.18
000000000000000121000011096,0.311,4.84,-3.30,1.18
000000000000000121000011096,0.005,4.43,-3.21,1.07
000000000000000121000011096,0.273,4.56,-3.19,1.19
000000000000000121000011096,0.206,4.57,-3.19,1.19
000000000000000121000011096,0.187,4.58,-3.19,1.19
000000000000000121000011096,0.194,4.80,-3.11,1.22
000000000000000121000011096,0.238,4.81,-3.12,1.22
000000000000000121000011096,0.458,4.81,-3.13,1.21
000000000000000121000011096,0.470,4.81,-3.33,1.19
000000000000000121000011096,0.650,4.95,-3.45,1.25
000000000000000121000011096,0.710,4.55,-3.57,1.18
000000000000000121000011096,0.786,5.02,-3.56,1.17
000000000000000121000011096,0.860,4.74,-3.67,1.17
000000000000000121000011096,0.909,4.33,-3.79,1.18
000000000000000121000011096,0.978,3.95,-3.94,1.17
000000000000000121000011096,1.011,3.55,-4.06,1.17
000000000000000121000011096,0.737,3.28,-4.28,1.23
000000000000000121000011096,0.735,3.15,-4.37,1.17
000000000000000121000011096,0.899,3.04,-4.46,1.17
000000000000000121000011096,0.630,2.90,-4.79,1.31
000000000000000121000011096,0.526,3.11,-5.01,1.17
000000000000000121000011096,0.521,3.20,-5.13,1.20
000000000000000121000011096,0.630,3.10,-5.25,1.16
000000000000000121000011096,0.967,3.10,-5.26,1.16
000000000000000121000011096,0.496,4.03,-4.26,1.21
000000000000000121000011096,0.390,4.17,-4.09,1.22
000000000000000121000011096,0.435,4.39,-4.06,1.16
000000000000000121000011096,0.442,4.59,-3.94,1.19
000000000000000121000011096,0.466,4.81,-3.83,1.20
000000000000000121000011096,0.481,5.02,-3.75,1.17
000000000000000121000011096,0.234,5.70,-3.56,1.18
000000000000000121000011096,0.185,5.95,-3.55,1.19
000000000000000121000011096,0.166,5.95,-3.54,1.19
000000000000000121000011096,0.154,5.97,-3.54,1.19
000000000000000121000011096,0.155,5.98,-3.54,1.19
000000000000000121000011096,0.160,6.00,-3.54,1.19
000000000000000121000011096,0.158,6.01,-3.55,1.19
000000000000000121000011096,0.160,6.08,-3.75,1.20
000000000000000121000011096,0.161,6.03,-3.87,1.19
000000000000000121000011096,0.162,5.99,-3.97,1.20
000000000000000121000011096,0.173,5.94,-4.08,1.21
000000000000000121000011096,0.188,5.94,-4.08,1.21
000000000000000121000011096,0.195,5.94,-4.09,1.21
000000000000000121000011096,0.185,5.94,-4.09,1.22
000000000000000121000011096,0.181,5.95,-4.09,1.22
000000000000000121000011096,0.191,6.10,-4.20,1.21
000000000000000121000011096,0.284,6.10,-4.21,1.21
000000000000000121000011096,0.241,6.17,-4.38,1.24
000000000000000121000011096,0.240,6.17,-4.39,1.24
000000000000000121000011096,0.236,6.16,-4.41,1.24
000000000000000121000011096,0.243,6.16,-4.43,1.23
000000000000000121000011096,0.317,6.15,-4.46,1.23
000000000000000121000011096,0.010,6.00,-4.76,1.29
000000000000000121000011096,0.249,6.14,-4.64,1.27
000000000000000121000011096,0.331,6.14,-4.64,1.26
000000000000000121000011096,0.329,6.14,-4.64,1.26
000000000000000121000011096,0.016,6.20,-4.99,1.37
000000000000000121000011096,0.215,6.19,-5.00,1.23
000000000000000121000011096,0.212,6.19,-5.00,1.23
000000000000000121000011096,0.215,6.19,-5.00,1.23
000000000000000121000011096,0.213,6.04,-5.18,1.21
000000000000000121000011096,0.224,5.98,-5.27,1.23
000000000000000121000011096,0.231,5.97,-5.28,1.23
000000000000000121000011096,0.261,5.91,-5.47,1.22
000000000000000121000011096,0.250,5.83,-5.56,1.24
000000000000000121000011096,0.249,5.79,-5.70,1.24
000000000000000121000011096,0.251,5.78,-5.81,1.25
000000000000000121000011096,0.228,5.72,-5.92,1.23
000000000000000121000011096,0.256,5.72,-5.93,1.23
000000000000000121000011096,0.272,5.71,-5.95,1.23
000000000000000121000011096,0.258,5.58,-6.16,1.22
000000000000000121000011096,0.255,5.58,-6.17,1.22
000000000000000121000011096,0.237,5.58,-6.18,1.22
000000000000000121000011096,0.244,5.58,-6.19,1.22
000000000000000121000011096,0.235,5.58,-6.21,1.22
000000000000000121000011096,0.249,5.59,-6.21,1.22
000000000000000121000011096,0.275,5.60,-6.21,1.22
000000000000000121000011096,0.253,5.61,-6.20,1.22
000000000000000121000011096,0.270,5.63,-6.20,1.22
000000000000000121000011096,0.261,5.64,-6.19,1.22
000000000000000121000011096,0.282,5.65,-6.18,1.22
000000000000000121000011096,0.260,5.65,-6.17,1.22
000000000000000121000011096,0.239,5.66,-6.17,1.22
000000000000000121000011096,0.256,5.66,-6.16,1.22
000000000000000121000011096,0.294,5.65,-6.16,1.22
000000000000000121000011096,0.266,5.69,-6.33,1.24
000000000000000121000011096,0.241,5.69,-6.34,1.24
000000000000000121000011096,0.233,5.69,-6.36,1.24
000000000000000121000011096,0.230,5.70,-6.38,1.23
000000000000000121000011096,0.253,5.70,-6.41,1.23
000000000000000121000011096,0.270,5.71,-6.43,1.23
000000000000000121000011096,0.261,5.71,-6.45,1.23
000000000000000121000011096,0.310,5.72,-6.46,1.23
000000000000000121000011096,0.278,5.73,-6.48,1.23
000000000000000121000011096,0.327,5.73,-6.49,1.22
000000000000000121000011096,0.300,5.74,-6.51,1.22
000000000000000121000011096,0.268,5.74,-6.53,1.22
000000000000000121000011096,0.273,5.73,-6.56,1.22
000000000000000121000011096,0.280,5.72,-6.59,1.22
000000000000000121000011096,0.257,5.71,-6.62,1.22
000000000000000121000011096,0.267,5.70,-6.66,1.22
000000000000000121000011096,0.274,5.70,-6.69,1.22
000000000000000121000011096,0.277,5.81,-7.04,1.22
000000000000000121000011096,0.298,5.95,-7.01,1.24
000000000000000121000011096,0.345,5.96,-7.01,1.24
000000000000000121000011096,0.291,6.05,-6.82,1.22
000000000000000121000011096,0.376,6.09,-6.70,1.22
000000000000000121000011096,0.505,6.13,-6.52,1.20
000000000000000121000011096,0.350,6.00,-6.33,1.22
000000000000000121000011096,0.328,5.98,-6.15,1.22
000000000000000121000011096,0.323,6.10,-6.15,1.19
000000000000000121000011096,0.313,6.14,-5.99,1.23
000000000000000121000011096,0.284,6.12,-5.80,1.22
000000000000000121000011096,0.248,6.12,-5.79,1.22
000000000000000121000011096,0.299,6.12,-5.78,1.22
000000000000000121000011096,0.283,6.09,-5.51,1.22
000000000000000121000011096,0.321,6.09,-5.50,1.22
000000000000000121000011096,0.302,6.13,-5.30,1.22
000000000000000121000011096,0.246,6.11,-5.12,1.21
000000000000000121000011096,0.244,6.09,-5.01,1.23
000000000000000121000011096,0.228,6.09,-5.00,1.23
000000000000000121000011096,0.206,6.10,-4.99,1.24
000000000000000121000011096,0.196,6.11,-4.97,1.24
000000000000000121000011096,0.228,6.11,-4.96,1.23
000000000000000121000011096,0.235,6.12,-4.94,1.23
000000000000000121000011096,0.245,6.24,-4.65,1.23
000000000000000121000011096,0.244,6.24,-4.65,1.23
000000000000000121000011096,0.234,6.25,-4.64,1.23
000000000000000121000011096,0.210,6.25,-4.62,1.23
000000000000000121000011096,0.215,6.24,-4.60,1.23
000000000000000121000011096,0.211,6.24,-4.57,1.23
000000000000000121000011096,0.227,6.23,-4.54,1.23
000000000000000121000011096,0.221,6.22,-4.50,1.23
000000000000000121000011096,0.186,6.25,-3.97,1.26
000000000000000121000011096,0.192,6.25,-3.96,1.26
000000000000000121000011096,0.197,6.25,-3.95,1.25
000000000000000121000011096,0.214,6.25,-3.94,1.25
000000000000000121000011096,0.201,6.26,-3.93,1.25
000000000000000121000011096,0.295,6.27,-3.91,1.24
000000000000000121000011096,0.355,6.28,-3.88,1.24
000000000000000121000011096,0.006,6.17,-3.50,1.26
000000000000000121000011096,0.179,6.08,-3.55,1.18
000000000000000121000011096,0.168,6.08,-3.55,1.18
000000000000000121000011096,0.156,6.08,-3.38,1.23
000000000000000121000011096,0.221,6.07,-3.38,1.22
000000000000000121000011096,0.208,6.07,-3.38,1.22
000000000000000121000011096,0.196,6.05,-3.38,1.22
000000000000000121000011096,0.198,6.04,-3.38,1.22
000000000000000121000011096,0.175,5.98,-3.31,1.20
000000000000000121000011096,0.160,5.98,-3.31,1.20
000000000000000121000011096,0.161,5.97,-3.31,1.20
000000000000000121000011096,0.159,5.98,-3.31,1.20
000000000000000121000011096,0.154,5.98,-3.30,1.20
000000000000000121000011096,0.170,5.98,-3.30,1.20
000000000000000121000011096,0.163,5.98,-3.29,1.20
000000000000000121000011096,0.159,5.98,-3.29,1.20
000000000000000121000011096,0.160,5.99,-3.28,1.20
000000000000000121000011096,0.154,6.00,-3.27,1.20
000000000000000121000011096,0.147,6.00,-3.27,1.20
000000000000000121000011096,0.151,6.00,-3.26,1.20
000000000000000121000011096,0.150,6.00,-3.24,1.20
000000000000000121000011096,0.150,6.00,-3.22,1.21
000000000000000121000011096,0.153,5.99,-3.19,1.21
000000000000000121000011096,0.240,5.98,-3.16,1.20
000000000000000121000011096,0.080,5.45,-2.89,1.23
000000000000000121000011096,0.276,5.44,-2.89,1.22
000000000000000121000011096,0.187,5.45,-2.88,1.22
000000000000000121000011096,0.179,5.45,-2.88,1.21
000000000000000121000011096,0.187,5.46,-2.87,1.20
000000000000000121000011096,0.187,5.46,-2.85,1.20
000000000000000121000011096,0.212,5.45,-2.84,1.20
000000000000000121000011096,0.284,5.45,-2.82,1.19
000000000000000121000011096,0.072,5.35,-2.50,1.08
000000000000000121000011096,0.204,5.22,-2.63,1.10
000000000000000121000011096,0.174,5.22,-2.63,1.10
000000000000000121000011096,0.206,5.22,-2.63,1.11
000000000000000121000011096,0.196,5.21,-2.64,1.11
000000000000000121000011096,0.281,5.21,-2.64,1.12
000000000000000121000011096,0.371,5.20,-2.64,1.13
000000000000000121000011096,0.381,5.11,-2.85,1.18
000000000000000121000011096,0.298,5.37,-2.67,1.20
000000000000000121000011096,0.296,5.36,-2.55,1.18
000000000000000121000011096,0.298,5.36,-2.54,1.18
000000000000000121000011096,0.340,5.36,-2.53,1.18
000000000000000121000011096,0.263,5.43,-2.56,1.19
000000000000000121000011096,0.214,5.61,-2.63,1.17
000000000000000121000011096,0.189,5.75,-2.68,1.18
000000000000000121000011096,0.169,5.86,-2.77,1.18
000000000000000121000011096,0.160,5.87,-2.78,1.19
000000000000000121000011096,0.152,5.88,-2.79,1.19
000000000000000121000011096,0.149,5.90,-2.80,1.20
000000000000000121000011096,0.145,5.92,-2.81,1.20
000000000000000121000011096,0.156,5.94,-2.83,1.21
000000000000000121000011096,0.154,6.05,-3.10,1.24
000000000000000121000011096,0.174,6.06,-3.10,1.24
000000000000000121000010223,0.269,6.00,-2.81,0.91
000000000000000121000011096,0.176,6.06,-3.10,1.24
000000000000000121000010223,0.173,5.99,-2.82,1.09
000000000000000121000011096,0.179,6.07,-3.11,1.24
000000000000000121000010223,0.166,5.99,-2.83,1.09
000000000000000121000011096,0.158,6.07,-3.11,1.24
000000000000000121000010223,0.151,5.99,-2.83,1.09
000000000000000121000011096,0.151,6.08,-3.11,1.24
000000000000000121000010223,0.157,5.99,-2.83,1.09
000000000000000121000011096,0.149,6.09,-3.12,1.24
000000000000000121000010223,0.157,5.99,-2.83,1.09
000000000000000121000011096,0.231,6.09,-3.12,1.24
000000000000000121000010223,0.159,5.98,-2.83,1.09
000000000000000121000011096,0.164,6.03,-3.22,1.23
000000000000000121000010223,0.161,5.98,-2.83,1.09
000000000000000121000011096,0.159,6.03,-3.22,1.23
000000000000000121000010223,0.158,5.98,-2.83,1.09
000000000000000121000011096,0.159,6.02,-3.22,1.23
000000000000000121000010223,0.158,5.98,-2.83,1.09
000000000000000121000011096,0.157,6.02,-3.21,1.23
000000000000000121000010223,0.158,5.97,-2.84,1.09
000000000000000121000011096,0.170,6.02,-3.20,1.23
000000000000000121000010223,0.159,5.96,-2.84,1.09
000000000000000121000011096,0.171,6.02,-3.18,1.24
000000000000000121000010223,0.163,5.95,-2.84,1.09
000000000000000121000011096,0.161,6.02,-3.16,1.23
000000000000000121000010223,0.160,5.95,-2.84,1.09
000000000000000121000011096,0.170,6.03,-3.14,1.24
000000000000000121000010223,0.157,5.95,-2.84,1.09
000000000000000121000011096,0.171,6.04,-3.13,1.24
000000000000000121000010223,0.159,5.95,-2.85,1.09
000000000000000121000011096,0.259,6.04,-3.11,1.24
000000000000000121000010223,0.157,5.95,-2.85,1.09
000000000000000121000011096,0.222,6.04,-3.11,1.24
000000000000000121000010223,0.159,5.95,-2.85,1.09
000000000000000121000011096,0.172,6.04,-3.11,1.24
000000000000000121000010223,0.176,5.95,-2.85,1.09
000000000000000121000011096,0.161,6.04,-3.10,1.24
000000000000000121000010223,0.164,5.95,-2.85,1.09
000000000000000121000011096,0.153,6.04,-3.09,1.24
000000000000000121000010223,0.159,5.95,-2.85,1.09
000000000000000121000011096,0.151,6.05,-3.09,1.24
000000000000000121000010223,0.160,5.95,-2.85,1.09
000000000000000121000011096,0.149,6.05,-3.08,1.24
000000000000000121000010223,0.155,5.96,-2.85,1.09
000000000000000121000011096,0.147,6.05,-3.07,1.24
000000000000000121000010223,0.151,5.97,-2.86,1.09
000000000000000121000011096,0.147,6.05,-3.06,1.24
000000000000000121000010223,0.174,5.98,-2.85,1.09
000000000000000121000011096,0.171,6.06,-3.06,1.24
000000000000000121000010223,0.274,5.98,-2.85,1.10
000000000000000121000011096,0.157,6.06,-3.05,1.24
000000000000000121000010223,0.373,5.99,-2.85,1.10
000000000000000121000011096,0.155,6.06,-3.05,1.24
000000000000000121000010223,0.242,6.00,-2.85,1.10
000000000000000121000011096,0.151,6.06,-3.04,1.24
000000000000000121000010223,0.211,6.01,-2.85,1.11
000000000000000121000011096,0.254,6.06,-3.04,1.24
000000000000000121000010223,0.165,6.02,-2.86,1.10
000000000000000121000011096,0.180,6.06,-3.03,1.24
000000000000000121000010223,0.153,6.02,-2.86,1.10
000000000000000121000011096,0.183,6.06,-3.03,1.24
000000000000000121000010223,0.163,6.03,-2.86,1.10
000000000000000121000011096,0.165,6.14,-2.97,1.29
000000000000000121000010223,0.153,6.04,-2.86,1.10
000000000000000121000011096,0.197,6.14,-2.98,1.28
000000000000000121000010223,0.167,6.05,-2.86,1.10
000000000000000121000011096,0.104,6.07,-3.03,1.31
000000000000000121000010223,0.169,6.05,-2.86,1.10
000000000000000121000011096,0.265,6.07,-3.03,1.30
000000000000000121000010223,0.157,6.06,-2.86,1.10
000000000000000121000011096,0.300,6.07,-3.03,1.29
000000000000000121000010223,0.152,6.06,-2.87,1.10
000000000000000121000011096,0.185,6.07,-3.02,1.29
000000000000000121000010223,0.148,6.06,-2.87,1.10
000000000000000121000011096,0.155,6.17,-2.97,1.26
000000000000000121000010223,0.154,6.05,-2.87,1.10
000000000000000121000011096,0.143,6.18,-2.97,1.26
000000000000000121000010223,0.153,6.05,-2.87,1.10
000000000000000121000011096,0.138,6.18,-2.97,1.26
000000000000000121000010223,0.157,6.04,-2.87,1.10
000000000000000121000011096,0.226,6.19,-2.97,1.26
000000000000000121000010223,0.203,6.03,-2.87,1.10
000000000000000121000011096,0.181,6.19,-2.97,1.26
000000000000000121000010223,0.077,5.94,-2.85,0.95
000000000000000121000011096,0.159,6.20,-2.97,1.26
000000000000000121000010223,0.163,5.98,-2.86,1.08
000000000000000121000011096,0.154,6.20,-2.97,1.26
000000000000000121000010223,0.145,5.98,-2.86,1.09
000000000000000121000011096,0.149,6.20,-2.98,1.26
000000000000000121000010223,0.153,5.99,-2.86,1.09
000000000000000121000011096,0.158,6.20,-2.98,1.26
000000000000000121000010223,0.166,6.00,-2.86,1.09
000000000000000121000011096,0.245,6.19,-2.99,1.25
000000000000000121000010223,0.170,6.01,-2.86,1.09
000000000000000121000011096,0.175,6.18,-2.99,1.25
000000000000000121000010223,0.158,6.01,-2.86,1.09
000000000000000121000011096,0.175,6.02,-3.03,1.23
000000000000000121000011096,0.181,6.01,-3.03,1.22
000000000000000121000010223,0.097,6.02,-2.86,0.94
000000000000000121000011096,0.182,6.00,-3.03,1.22
000000000000000121000011096,0.191,5.99,-3.03,1.22
000000000000000121000011096,0.191,5.98,-3.04,1.22
000000000000000121000011096,0.201,5.98,-3.04,1.22
000000000000000121000011096,0.195,5.97,-3.05,1.22
000000000000000121000011096,0.192,5.96,-3.05,1.22
000000000000000121000011096,0.188,5.96,-3.06,1.22
000000000000000121000011096,0.239,5.95,-3.06,1.22
000000000000000121000011096,0.187,6.13,-3.02,1.25
000000000000000121000011096,0.160,6.14,-3.01,1.25
000000000000000121000011096,0.145,6.15,-3.01,1.25
000000000000000121000011096,0.152,6.16,-3.01,1.25
000000000000000121000011096,0.155,6.17,-3.01,1.25
000000000000000121000011096,0.240,6.18,-3.00,1.25
000000000000000121000011096,0.187,6.16,-3.01,1.24
000000000000000121000011096,0.163,6.16,-3.01,1.24
000000000000000121000011096,0.163,6.17,-3.01,1.25
000000000000000121000011096,0.144,6.18,-3.00,1.25
000000000000000121000011096,0.141,6.19,-3.00,1.25
000000000000000121000011096,0.141,6.20,-3.00,1.25
000000000000000121000011096,0.139,6.21,-3.00,1.26
000000000000000121000011096,0.150,6.21,-3.00,1.25
000000000000000121000011096,0.152,6.21,-3.00,1.25
000000000000000121000011096,0.144,6.21,-3.00,1.26
000000000000000121000011096,0.142,6.21,-3.00,1.26
000000000000000121000011096,0.140,6.22,-3.00,1.26
000000000000000121000011096,0.138,6.21,-3.00,1.26
000000000000000121000011096,0.164,6.20,-3.00,1.26
000000000000000121000011096,0.154,6.19,-3.01,1.26
000000000000000121000011096,0.152,6.18,-3.01,1.25
000000000000000121000011096,0.155,6.16,-3.02,1.25
000000000000000121000011096,0.156,6.14,-3.03,1.25
000000000000000121000011096,0.169,6.12,-3.04,1.24
000000000000000121000011096,0.161,6.10,-3.05,1.24
000000000000000121000011096,0.160,6.08,-3.07,1.24
000000000000000121000011096,0.168,6.05,-3.08,1.23
000000000000000121000011096,0.168,6.02,-3.10,1.23
000000000000000121000011096,0.168,5.57,-3.36,1.22
000000000000000121000011096,0.189,5.43,-3.34,1.24
000000000000000121000011096,0.208,5.43,-3.34,1.24
000000000000000121000011096,0.200,5.43,-3.34,1.24
000000000000000121000011096,0.207,5.31,-3.41,1.21
000000000000000121000011096,0.215,5.21,-3.37,1.19
000000000000000121000011096,0.221,5.20,-3.36,1.19
000000000000000121000011096,0.220,5.18,-3.36,1.20
000000000000000121000011096,0.293,5.16,-3.36,1.20
000000000000000121000011096,0.276,5.14,-3.35,1.20
000000000000000121000011096,0.260,5.13,-3.19,1.20
000000000000000121000011096,0.238,4.94,-3.08,1.19
000000000000000121000011096,0.237,4.94,-3.07,1.19
000000000000000121000011096,0.335,4.81,-2.90,1.22
000000000000000121000011096,0.458,4.68,-2.79,1.20
000000000000000121000011096,0.326,4.97,-2.94,1.22
000000000000000121000010223,0.097,6.02,-2.86,0.94
000000000000000121000011096,0.377,4.76,-2.53,1.20
000000000000000121000011096,0.284,4.68,-2.58,1.14
000000000000000121000011096,0.269,4.71,-2.74,1.17
000000000000000121000011096,0.248,4.71,-2.74,1.17
000000000000000121000011096,0.257,4.79,-2.88,1.20
000000000000000121000011096,0.256,4.97,-3.04,1.20
000000000000000121000011096,0.254,5.30,-3.20,1.20
000000000000000121000011096,0.326,5.30,-3.20,1.20
000000000000000121000011096,0.263,5.31,-3.21,1.20
000000000000000121000011096,0.242,5.46,-3.31,1.22
000000000000000121000011096,0.231,5.62,-3.39,1.21
000000000000000121000011096,0.211,5.62,-3.52,1.20
000000000000000121000011096,0.221,5.61,-3.52,1.20
000000000000000121000011096,0.224,5.71,-3.53,1.21
000000000000000121000011096,0.220,5.79,-3.45,1.21
000000000000000121000011096,0.214,5.90,-3.41,1.20
000000000000000121000011096,0.034,5.83,-3.40,1.16
000000000000000121000011096,0.222,5.83,-3.40,1.17
000000000000000121000011096,0.188,5.82,-3.39,1.17
000000000000000121000011096,0.182,5.81,-3.40,1.17
000000000000000121000011096,0.190,5.80,-3.40,1.18
000000000000000121000011096,0.195,5.79,-3.40,1.18
000000000000000121000011096,0.251,5.79,-3.41,1.18
000000000000000121000011096,0.229,5.79,-3.41,1.18
000000000000000121000011096,0.227,5.80,-3.40,1.18
000000000000000121000011096,0.198,5.99,-3.23,1.22
000000000000000121000011096,0.186,5.99,-3.23,1.21
000000000000000121000011096,0.182,5.99,-3.22,1.21
000000000000000121000011096,0.268,5.98,-3.21,1.21
000000000000000121000011096,0.208,5.98,-3.21,1.21
000000000000000121000011096,0.310,5.96,-3.19,1.21
000000000000000121000011096,0.195,5.77,-3.15,1.19
000000000000000121000011096,0.182,5.77,-3.15,1.20
000000000000000121000011096,0.169,5.77,-3.14,1.20
000000000000000121000011096,0.161,5.78,-3.13,1.20
000000000000000121000011096,0.177,5.80,-3.12,1.20
000000000000000121000011096,0.190,5.81,-3.11,1.20
000000000000000121000011096,0.209,5.83,-3.11,1.20
000000000000000121000011096,0.176,5.85,-3.11,1.20
000000000000000121000011096,0.159,5.86,-3.10,1.20
000000000000000121000011096,0.159,5.87,-3.10,1.20
000000000000000121000011096,0.154,5.88,-3.09,1.21
000000000000000121000011096,0.155,5.89,-3.08,1.21
000000000000000121000011096,0.160,5.89,-3.07,1.21
000000000000000121000011096,0.157,5.90,-3.07,1.21
000000000000000121000011096,0.171,5.90,-3.07,1.21
000000000000000121000011096,0.167,5.91,-3.06,1.21
000000000000000121000011096,0.160,5.91,-3.06,1.21
000000000000000121000011096,0.159,5.91,-3.06,1.21
000000000000000121000011096,0.158,5.91,-3.06,1.21
000000000000000121000011096,0.155,5.92,-3.05,1.22
000000000000000121000011096,0.158,5.92,-3.05,1.22
000000000000000121000011096,0.158,5.92,-3.04,1.22
000000000000000121000011096,0.157,5.92,-3.04,1.22
000000000000000121000011096,0.158,5.92,-3.04,1.22
000000000000000121000011096,0.159,5.92,-3.04,1.22
000000000000000121000011096,0.157,5.92,-3.04,1.21
000000000000000121000011096,0.154,5.92,-3.03,1.21
000000000000000121000011096,0.157,5.92,-3.03,1.21
000000000000000121000010223,0.016,5.92,-2.87,0.90
000000000000000121000011096,0.155,5.93,-3.03,1.21
000000000000000121000010223,0.168,5.94,-2.85,1.09
000000000000000121000011096,0.170,5.93,-3.03,1.21
000000000000000121000010223,0.148,5.94,-2.85,1.09
000000000000000121000011096,0.162,5.93,-3.03,1.21
000000000000000121000010223,0.166,5.94,-2.85,1.09
000000000000000121000011096,0.158,5.93,-3.03,1.21
000000000000000121000010223,0.164,5.93,-2.85,1.09
000000000000000121000011096,0.189,5.93,-3.03,1.21
000000000000000121000010223,0.165,5.94,-2.85,1.09
000000000000000121000011096,0.166,5.94,-3.02,1.21
000000000000000121000010223,0.181,5.94,-2.85,1.09
000000000000000121000011096,0.158,5.94,-3.02,1.21
000000000000000121000010223,0.175,6.18,-2.84,1.12
000000000000000121000011096,0.156,5.94,-3.02,1.21
000000000000000121000010223,0.153,6.17,-2.84,1.12
000000000000000121000011096,0.155,5.95,-3.01,1.21
000000000000000121000010223,0.150,6.16,-2.83,1.11
000000000000000121000011096,0.155,5.95,-3.01,1.21
000000000000000121000010223,0.151,6.15,-2.83,1.11
000000000000000121000011096,0.154,5.95,-3.01,1.21
000000000000000121000010223,0.154,6.13,-2.83,1.11
000000000000000121000011096,0.156,5.96,-3.01,1.22
000000000000000121000010223,0.156,6.12,-2.83,1.10
000000000000000121000011096,0.155,5.96,-3.01,1.21
000000000000000121000010223,0.158,6.10,-2.83,1.10
000000000000000121000011096,0.153,5.96,-3.01,1.21
000000000000000121000010223,0.158,6.08,-2.83,1.10
000000000000000121000011096,0.155,5.96,-3.01,1.21
000000000000000121000010223,0.158,6.07,-2.83,1.10
000000000000000121000011096,0.159,5.96,-3.01,1.21
000000000000000121000010223,0.247,5.87,-2.80,1.19
000000000000000121000011096,0.162,5.96,-3.01,1.21
000000000000000121000010223,0.184,5.90,-2.81,1.07
000000000000000121000011096,0.162,5.96,-3.01,1.21
000000000000000121000010223,0.171,5.90,-2.81,1.07
000000000000000121000011096,0.169,5.96,-3.01,1.21
000000000000000121000010223,0.169,5.90,-2.81,1.07
000000000000000121000011096,0.161,5.95,-3.01,1.21
000000000000000121000010223,0.165,5.90,-2.81,1.07
000000000000000121000011096,0.158,5.95,-3.01,1.22
000000000000000121000010223,0.164,5.90,-2.82,1.07
000000000000000121000011096,0.157,5.94,-3.01,1.21
000000000000000121000010223,0.163,5.90,-2.81,1.07
000000000000000121000011096,0.158,5.94,-3.01,1.21
000000000000000121000010223,0.162,5.90,-2.82,1.07
000000000000000121000011096,0.158,5.93,-3.01,1.21
000000000000000121000011096,0.159,5.93,-3.00,1.21
000000000000000121000010223,0.004,6.13,-2.86,1.00
000000000000000121000011096,0.157,5.93,-3.00,1.21
000000000000000121000011096,0.157,5.94,-3.00,1.21
000000000000000121000011096,0.242,5.94,-3.00,1.21
000000000000000121000011096,0.175,5.94,-3.00,1.21
000000000000000121000011096,0.182,5.94,-3.00,1.21
000000000000000121000011096,0.167,5.94,-3.01,1.20
000000000000000121000011096,0.174,5.94,-3.01,1.20
000000000000000121000011096,0.162,5.94,-3.01,1.20
000000000000000121000011096,0.162,5.94,-3.01,1.20
000000000000000121000011096,0.158,5.94,-3.01,1.20
000000000000000121000011096,0.155,5.94,-3.01,1.20
000000000000000121000011096,0.154,5.94,-3.01,1.21
000000000000000121000011096,0.155,5.94,-3.01,1.21
000000000000000121000011096,0.154,5.94,-3.01,1.21
000000000000000121000011096,0.155,5.94,-3.01,1.21
000000000000000121000011096,0.158,5.94,-3.01,1.21
000000000000000121000011096,0.155,5.94,-3.01,1.21
000000000000000121000011096,0.158,5.94,-3.02,1.21
000000000000000121000011096,0.158,5.94,-3.02,1.21
000000000000000121000011096,0.159,5.94,-3.03,1.21
000000000000000121000011096,0.158,5.94,-3.04,1.22
000000000000000121000011096,0.160,5.93,-3.05,1.21
000000000000000121000011096,0.171,5.92,-3.07,1.21
000000000000000121000011096,0.167,5.91,-3.09,1.21
000000000000000121000011096,0.166,5.90,-3.10,1.21
000000000000000121000011096,0.164,5.89,-3.12,1.21
000000000000000121000011096,0.164,5.88,-3.13,1.21
000000000000000121000011096,0.166,5.87,-3.14,1.21
000000000000000121000011096,0.165,5.86,-3.14,1.21
000000000000000121000011096,0.167,5.86,-3.15,1.21
000000000000000121000011096,0.165,5.85,-3.16,1.21
000000000000000121000011096,0.166,5.85,-3.16,1.20
000000000000000121000011096,0.177,5.86,-3.16,1.20
000000000000000121000011096,0.166,5.86,-3.15,1.20
000000000000000121000011096,0.158,5.87,-3.14,1.20
000000000000000121000011096,0.155,5.89,-3.14,1.20
000000000000000121000011096,0.168,5.90,-3.13,1.20
000000000000000121000011096,0.161,5.91,-3.13,1.20
000000000000000121000011096,0.177,6.18,-3.17,1.26
000000000000000121000011096,0.151,6.18,-3.17,1.26
000000000000000121000011096,0.165,6.17,-3.18,1.25
000000000000000121000011096,0.159,6.15,-3.19,1.24
000000000000000121000011096,0.194,6.13,-3.19,1.24
000000000000000121000011096,0.175,5.99,-3.12,1.20
000000000000000121000010223,0.004,6.13,-2.86,1.00
000000000000000121000011096,0.160,5.99,-3.12,1.20
000000000000000121000011096,0.156,5.98,-3.12,1.19
000000000000000121000011096,0.160,5.97,-3.13,1.19
000000000000000121000011096,0.160,5.95,-3.14,1.19
000000000000000121000011096,0.239,5.93,-3.14,1.19
000000000000000121000011096,0.185,5.92,-3.15,1.19
000000000000000121000011096,0.197,5.90,-3.16,1.19
000000000000000121000011096,0.179,5.89,-3.16,1.19
000000000000000121000011096,0.170,5.88,-3.17,1.19
000000000000000121000011096,0.169,5.88,-3.18,1.20
000000000000000121000011096,0.166,5.87,-3.18,1.19
000000000000000121000011096,0.163,5.86,-3.18,1.19
000000000000000121000011096,0.164,5.86,-3.19,1.19
000000000000000121000011096,0.167,5.85,-3.19,1.19
000000000000000121000011096,0.170,5.84,-3.19,1.19
000000000000000121000011096,0.180,5.83,-3.20,1.19
000000000000000121000011096,0.172,5.83,-3.20,1.19
000000000000000121000011096,0.166,5.82,-3.20,1.19
000000000000000121000011096,0.166,5.82,-3.20,1.19
000000000000000121000011096,0.163,5.82,-3.20,1.19
000000000000000121000011096,0.164,5.83,-3.21,1.19
000000000000000121000011096,0.161,5.83,-3.21,1.19
000000000000000121000011096,0.158,5.83,-3.21,1.19
000000000000000121000011096,0.161,5.84,-3.22,1.19
000000000000000121000011096,0.246,5.84,-3.22,1.19
000000000000000121000011096,0.147,5.87,-3.11,1.21
000000000000000121000011096,0.168,5.87,-3.11,1.21
000000000000000121000011096,0.150,5.87,-3.11,1.21
000000000000000121000011096,0.149,5.87,-3.13,1.21
000000000000000121000011096,0.155,5.86,-3.14,1.20
000000000000000121000011096,0.166,5.86,-3.15,1.20
000000000000000121000011096,0.168,5.86,-3.16,1.20
000000000000000121000011096,0.166,5.85,-3.16,1.20
000000000000000121000011096,0.180,5.85,-3.17,1.20
000000000000000121000011096,0.170,5.84,-3.17,1.20
000000000000000121000011096,0.168,5.84,-3.18,1.20
000000000000000121000011096,0.169,5.84,-3.18,1.20
000000000000000121000011096,0.168,5.83,-3.19,1.20
000000000000000121000011096,0.169,5.83,-3.19,1.20
000000000000000121000011096,0.169,5.82,-3.20,1.20
000000000000000121000011096,0.188,5.82,-3.20,1.19
000000000000000121000011096,0.174,5.82,-3.20,1.19
000000000000000121000011096,0.166,5.82,-3.21,1.19
000000000000000121000011096,0.163,5.82,-3.21,1.19
000000000000000121000011096,0.162,5.82,-3.21,1.19
000000000000000121000011096,0.164,5.82,-3.20,1.19
000000000000000121000011096,0.166,5.82,-3.20,1.19
000000000000000121000011096,0.165,5.82,-3.20,1.19
000000000000000121000011096,0.163,5.82,-3.20,1.20
000000000000000121000011096,0.162,5.83,-3.20,1.19
000000000000000121000011096,0.174,5.83,-3.20,1.19
000000000000000121000011096,0.187,5.83,-3.20,1.19
000000000000000121000011096,0.175,5.83,-3.21,1.19
000000000000000121000011096,0.168,5.83,-3.21,1.19
000000000000000121000011096,0.165,5.83,-3.21,1.19
000000000000000121000011096,0.163,5.83,-3.22,1.19
000000000000000121000011096,0.179,5.83,-3.23,1.19
000000000000000121000011096,0.187,5.86,-3.19,1.18
000000000000000121000011096,0.191,5.87,-3.19,1.18
000000000000000121000011096,0.194,5.87,-3.18,1.18
000000000000000121000011096,0.191,5.88,-3.17,1.18
000000000000000121000011096,0.165,5.89,-3.17,1.18
000000000000000121000011096,0.180,5.89,-3.18,1.19
000000000000000121000011096,0.166,5.90,-3.18,1.18
000000000000000121000011096,0.165,5.89,-3.19,1.19
000000000000000121000011096,0.203,5.89,-3.20,1.19
000000000000000121000011096,0.177,5.89,-3.20,1.19
000000000000000121000011096,0.165,5.88,-3.21,1.19
000000000000000121000011096,0.161,5.88,-3.21,1.19
000000000000000121000011096,0.163,5.88,-3.22,1.19
000000000000000121000011096,0.160,5.88,-3.22,1.19
000000000000000121000011096,0.176,5.87,-3.23,1.19
000000000000000121000011096,0.193,5.86,-3.23,1.19
000000000000000121000011096,0.194,5.86,-3.23,1.19
000000000000000121000011096,0.173,5.86,-3.22,1.19
000000000000000121000011096,0.260,5.87,-3.22,1.19
000000000000000121000011096,0.026,6.10,-3.25,1.22
000000000000000121000011096,0.174,6.09,-3.25,1.22
000000000000000121000011096,0.153,6.08,-3.25,1.21
000000000000000121000011096,0.163,6.06,-3.26,1.21
000000000000000121000011096,0.171,6.05,-3.26,1.21
000000000000000121000011096,0.164,6.04,-3.26,1.21
000000000000000121000011096,0.159,6.04,-3.26,1.21
000000000000000121000011096,0.159,6.04,-3.27,1.21
000000000000000121000011096,0.244,6.04,-3.26,1.21
000000000000000121000011096,0.174,6.04,-3.26,1.21
000000000000000121000011096,0.162,6.04,-3.26,1.21
000000000000000121000011096,0.156,6.03,-3.26,1.21
000000000000000121000011096,0.159,6.02,-3.26,1.21
000000000000000121000011096,0.158,6.02,-3.26,1.21
000000000000000121000011096,0.157,6.02,-3.26,1.20
000000000000000121000011096,0.159,6.01,-3.27,1.20
000000000000000121000011096,0.158,6.00,-3.27,1.20
000000000000000121000011096,0.159,6.00,-3.27,1.20
000000000000000121000011096,0.160,5.99,-3.26,1.20
000000000000000121000011096,0.158,6.00,-3.26,1.20
000000000000000121000011096,0.154,6.00,-3.25,1.20
000000000000000121000011096,0.166,6.00,-3.26,1.20
000000000000000121000011096,0.178,5.99,-3.26,1.20
000000000000000121000011096,0.268,5.99,-3.26,1.20
000000000000000121000011096,0.195,6.02,-3.22,1.21
000000000000000121000011096,0.166,6.03,-3.22,1.21
000000000000000121000011096,0.170,6.02,-3.22,1.21
000000000000000121000011096,0.162,6.03,-3.22,1.21
000000000000000121000011096,0.242,6.03,-3.22,1.21
000000000000000121000011096,0.205,5.94,-3.28,1.19
000000000000000121000011096,0.201,5.94,-3.28,1.19
000000000000000121000011096,0.179,5.94,-3.28,1.19
000000000000000121000011096,0.177,5.96,-3.27,1.20
000000000000000121000011096,0.161,5.97,-3.27,1.20
000000000000000121000011096,0.151,5.98,-3.26,1.20
000000000000000121000011096,0.144,6.00,-3.25,1.20
000000000000000121000011096,0.145,6.01,-3.24,1.21
000000000000000121000011096,0.146,6.02,-3.24,1.21
000000000000000121000011096,0.146,6.03,-3.23,1.21
000000000000000121000011096,0.150,6.04,-3.23,1.21
000000000000000121000011096,0.147,6.05,-3.22,1.21
000000000000000121000011096,0.147,6.05,-3.22,1.22
000000000000000121000011096,0.150,6.06,-3.22,1.22
000000000000000121000011096,0.148,6.07,-3.22,1.22
000000000000000121000011096,0.149,6.07,-3.22,1.22
000000000000000121000011096,0.147,6.08,-3.22,1.22
000000000000000121000011096,0.161,6.04,-3.25,1.19
000000000000000121000011096,0.175,5.94,-3.29,1.21
000000000000000121000011096,0.185,5.93,-3.30,1.21
000000000000000121000011096,0.197,5.91,-3.30,1.21
000000000000000121000011096,0.205,5.89,-3.31,1.20
000000000000000121000011096,0.223,5.87,-3.31,1.20
000000000000000121000011096,0.210,5.85,-3.31,1.20
000000000000000121000011096,0.296,5.83,-3.31,1.20
000000000000000121000011096,0.240,5.70,-3.44,1.18
000000000000000121000011096,0.221,5.70,-3.44,1.18
000000000000000121000011096,0.214,5.71,-3.44,1.18
000000000000000121000011096,0.209,5.72,-3.44,1.18
000000000000000121000011096,0.201,5.73,-3.45,1.18
000000000000000121000011096,0.201,5.73,-3.44,1.18
000000000000000121000011096,0.201,5.73,-3.44,1.18
000000000000000121000011096,0.203,5.74,-3.43,1.18
000000000000000121000011096,0.204,5.74,-3.42,1.19
000000000000000121000011096,0.202,5.74,-3.41,1.19
000000000000000121000011096,0.201,5.74,-3.41,1.19
000000000000000121000011096,0.178,5.90,-3.27,1.23
000000000000000121000011096,0.208,5.90,-3.27,1.23
000000000000000121000011096,0.177,5.85,-3.33,1.19
000000000000000121000011096,0.277,5.85,-3.32,1.19
000000000000000121000011096,0.177,5.85,-3.31,1.19
000000000000000121000011096,0.171,5.86,-3.30,1.19
000000000000000121000011096,0.246,5.86,-3.29,1.19
000000000000000121000011096,0.211,5.85,-3.28,1.19
000000000000000121000011096,0.184,5.85,-3.27,1.20
000000000000000121000011096,0.166,5.86,-3.26,1.20
000000000000000121000011096,0.159,5.86,-3.24,1.20
000000000000000121000011096,0.159,5.87,-3.23,1.20
000000000000000121000011096,0.173,5.87,-3.22,1.20
000000000000000121000011096,0.186,5.87,-3.22,1.20
000000000000000121000011096,0.173,5.87,-3.21,1.20
000000000000000121000011096,0.215,5.88,-3.21,1.21
000000000000000121000011096,0.200,5.89,-3.20,1.21
000000000000000121000011096,0.243,5.91,-3.20,1.21
000000000000000121000011096,0.179,5.93,-3.19,1.22
000000000000000121000011096,0.166,5.93,-3.18,1.22
000000000000000121000011096,0.158,5.94,-3.17,1.22
000000000000000121000011096,0.155,5.94,-3.16,1.22
000000000000000121000011096,0.240,5.94,-3.15,1.22
000000000000000121000011096,0.179,6.04,-3.12,1.25
000000000000000121000011096,0.161,6.05,-3.12,1.25
000000000000000121000011096,0.169,6.24,-3.14,1.24
000000000000000121000011096,0.149,6.24,-3.13,1.24
000000000000000121000011096,0.141,6.25,-3.12,1.24
000000000000000121000011096,0.141,6.24,-3.12,1.24
000000000000000121000011096,0.140,6.24,-3.13,1.24
000000000000000121000011096,0.141,6.24,-3.14,1.24
000000000000000121000011096,0.142,6.24,-3.15,1.24
000000000000000121000011096,0.140,6.24,-3.15,1.25
000000000000000121000011096,0.143,6.24,-3.16,1.25
000000000000000121000011096,0.143,6.24,-3.16,1.25
000000000000000121000011096,0.141,6.24,-3.16,1.25
000000000000000121000011096,0.138,6.23,-3.16,1.25
000000000000000121000011096,0.141,6.23,-3.17,1.25
000000000000000121000011096,0.224,6.22,-3.17,1.24
000000000000000121000011096,0.167,6.22,-3.17,1.24
000000000000000121000011096,0.159,6.22,-3.17,1.24
000000000000000121000011096,0.151,6.22,-3.17,1.24
000000000000000121000011096,0.234,6.21,-3.17,1.24
000000000000000121000011096,0.166,6.21,-3.17,1.24
000000000000000121000011096,0.147,6.22,-3.17,1.24
000000000000000121000011096,0.142,6.22,-3.17,1.24
000000000000000121000011096,0.158,6.23,-3.16,1.25
000000000000000121000011096,0.145,6.24,-3.15,1.25
000000000000000121000011096,0.139,6.25,-3.15,1.25
000000000000000121000011096,0.152,6.26,-3.14,1.25
000000000000000121000011096,0.137,6.27,-3.13,1.25
000000000000000121000011096,0.148,6.22,-3.15,1.24
000000000000000121000011096,0.146,6.22,-3.14,1.24
000000000000000121000011096,0.143,6.22,-3.14,1.24
000000000000000121000011096,0.139,6.21,-3.14,1.24
000000000000000121000011096,0.142,6.21,-3.14,1.24
000000000000000121000011096,0.142,6.21,-3.14,1.24
000000000000000121000011096,0.144,6.21,-3.13,1.24
000000000000000121000011096,0.232,6.21,-3.12,1.24
000000000000000121000011096,0.159,6.21,-3.12,1.24
000000000000000121000011096,0.147,6.22,-3.11,1.24
000000000000000121000011096,0.144,6.22,-3.11,1.24
000000000000000121000011096,0.142,6.23,-3.11,1.24
000000000000000121000011096,0.138,6.23,-3.10,1.24
000000000000000121000011096,0.140,6.16,-3.08,1.18
000000000000000121000011096,0.145,6.17,-3.08,1.19
000000000000000121000011096,0.144,6.17,-3.07,1.19
000000000000000121000011096,0.145,6.18,-3.07,1.20
000000000000000121000011096,0.142,6.18,-3.07,1.20
000000000000000121000011096,0.156,6.18,-3.07,1.20
000000000000000121000011096,0.153,6.18,-3.07,1.20
000000000000000121000011096,0.180,6.09,-3.12,1.18
000000000000000121000011096,0.275,6.09,-3.12,1.18
000000000000000121000011096,0.183,6.18,-3.05,1.20
000000000000000121000011096,0.160,6.19,-3.05,1.21
000000000000000121000011096,0.143,6.20,-3.04,1.21
000000000000000121000011096,0.226,6.20,-3.02,1.21
000000000000000121000011096,0.154,6.21,-3.01,1.21
000000000000000121000011096,0.142,6.18,-3.04,1.22
000000000000000121000011096,0.142,6.18,-3.05,1.22
000000000000000121000011096,0.158,6.17,-3.05,1.22
000000000000000121000011096,0.169,6.02,-3.10,1.22
000000000000000121000011096,0.184,5.91,-3.21,1.20
000000000000000121000011096,0.189,5.90,-3.20,1.20
000000000000000121000011096,0.276,5.89,-3.20,1.20
000000000000000121000011096,0.228,5.88,-3.19,1.20
000000000000000121000011096,0.327,5.87,-3.17,1.20
000000000000000121000011096,0.207,6.01,-2.95,1.23
000000000000000121000011096,0.222,6.21,-2.90,1.26
000000000000000121000011096,0.165,6.21,-2.91,1.26
000000000000000121000011096,0.148,6.11,-3.08,1.21
000000000000000121000011096,0.149,6.03,-3.17,1.20
000000000000000121000011096,0.156,5.94,-3.27,1.18
000000000000000121000011096,0.168,5.93,-3.27,1.18
000000000000000121000011096,0.179,5.92,-3.28,1.18
000000000000000121000011096,0.195,5.90,-3.29,1.18
000000000000000121000011096,0.200,5.88,-3.30,1.19
000000000000000121000011096,0.204,5.87,-3.31,1.19
000000000000000121000011096,0.188,5.85,-3.31,1.19
000000000000000121000011096,0.177,5.85,-3.31,1.19
000000000000000121000011096,0.169,5.84,-3.31,1.19
000000000000000121000011096,0.166,5.83,-3.31,1.19
000000000000000121000011096,0.184,5.83,-3.32,1.19
000000000000000121000011096,0.192,5.82,-3.32,1.19
000000000000000121000011096,0.195,5.83,-3.33,1.19
000000000000000121000011096,0.176,5.92,-3.31,1.22
000000000000000121000010223,0.107,6.03,-2.85,0.93
000000000000000121000011096,0.261,5.92,-3.30,1.22
000000000000000121000010223,0.178,6.01,-2.85,1.10
000000000000000121000011096,0.070,5.87,-3.26,1.25
000000000000000121000010223,0.151,6.01,-2.85,1.10
000000000000000121000011096,0.172,5.87,-3.25,1.25
000000000000000121000010223,0.146,6.01,-2.85,1.10
000000000000000121000011096,0.152,5.88,-3.24,1.24
000000000000000121000010223,0.148,6.01,-2.85,1.10
000000000000000121000011096,0.147,5.88,-3.24,1.24
000000000000000121000010223,0.152,6.01,-2.85,1.10
000000000000000121000011096,0.150,5.89,-3.24,1.24
000000000000000121000010223,0.156,6.01,-2.85,1.10
000000000000000121000011096,0.154,5.90,-3.24,1.23
000000000000000121000010223,0.156,6.00,-2.85,1.10
000000000000000121000011096,0.171,5.91,-3.24,1.23
000000000000000121000010223,0.181,6.00,-2.85,1.10
000000000000000121000011096,0.260,5.92,-3.23,1.23
000000000000000121000010223,0.169,5.99,-2.86,1.09
000000000000000121000011096,0.189,5.93,-3.23,1.23
000000000000000121000010223,0.166,5.98,-2.86,1.09
000000000000000121000011096,0.166,5.94,-3.22,1.23
000000000000000121000010223,0.162,5.97,-2.86,1.10
000000000000000121000011096,0.155,5.95,-3.21,1.22
000000000000000121000010223,0.160,5.96,-2.86,1.09
000000000000000121000011096,0.235,5.96,-3.19,1.22
000000000000000121000010223,0.162,5.96,-2.86,1.09
000000000000000121000011096,0.164,6.00,-3.15,1.19
000000000000000121000010223,0.162,5.95,-2.86,1.10
000000000000000121000011096,0.178,6.00,-3.15,1.19
000000000000000121000010223,0.160,5.94,-2.86,1.10
000000000000000121000011096,0.164,5.99,-3.15,1.19
000000000000000121000010223,0.159,5.94,-2.86,1.10
000000000000000121000011096,0.160,5.99,-3.15,1.20
000000000000000121000010223,0.162,5.93,-2.86,1.10
000000000000000121000011096,0.158,5.99,-3.15,1.20
000000000000000121000010223,0.161,5.94,-2.86,1.10
000000000000000121000011096,0.155,5.99,-3.14,1.20
000000000000000121000010223,0.160,5.94,-2.86,1.09
000000000000000121000011096,0.153,6.00,-3.13,1.20
000000000000000121000010223,0.172,5.94,-2.86,1.09
000000000000000121000011096,0.152,6.00,-3.13,1.20
000000000000000121000010223,0.163,5.95,-2.86,1.09
000000000000000121000011096,0.152,6.00,-3.14,1.20
000000000000000121000010223,0.156,5.95,-2.86,1.09
000000000000000121000011096,0.152,6.00,-3.14,1.19
000000000000000121000010223,0.154,5.95,-2.86,1.09
000000000000000121000011096,0.159,5.99,-3.15,1.19
000000000000000121000010223,0.158,5.95,-2.86,1.09
000000000000000121000011096,0.177,5.99,-3.16,1.19
000000000000000121000010223,0.155,5.96,-2.86,1.09
000000000000000121000011096,0.184,5.82,-3.28,1.16
000000000000000121000010223,0.156,5.95,-2.86,1.09
000000000000000121000011096,0.190,5.82,-3.28,1.16
000000000000000121000010223,0.160,5.95,-2.86,1.09
000000000000000121000011096,0.176,5.81,-3.28,1.16
000000000000000121000010223,0.158,5.95,-2.86,1.09
000000000000000121000011096,0.170,5.82,-3.27,1.16
000000000000000121000010223,0.177,5.95,-2.86,1.10
000000000000000121000011096,0.164,5.82,-3.26,1.17
000000000000000121000010223,0.162,5.95,-2.86,1.09
000000000000000121000011096,0.180,5.81,-3.25,1.17
000000000000000121000010223,0.160,5.95,-2.86,1.09
000000000000000121000011096,0.167,5.82,-3.24,1.18
000000000000000121000010223,0.163,5.95,-2.86,1.10
000000000000000121000011096,0.180,5.82,-3.22,1.18
000000000000000121000010223,0.161,5.95,-2.85,1.10
000000000000000121000011096,0.183,5.83,-3.20,1.18
000000000000000121000010223,0.159,5.94,-2.85,1.10
000000000000000121000011096,0.169,6.03,-3.02,1.23
000000000000000121000010223,0.159,5.93,-2.85,1.10
000000000000000121000011096,0.242,6.03,-3.02,1.23
000000000000000121000010223,0.183,5.93,-2.85,1.09
000000000000000121000011096,0.000,6.03,-3.09,1.25
000000000000000121000010223,0.170,5.93,-2.85,1.09
000000000000000121000011096,0.189,6.03,-3.09,1.25
000000000000000121000010223,0.165,5.93,-2.85,1.09
000000000000000121000011096,0.154,6.03,-3.08,1.25
000000000000000121000010223,0.163,5.93,-2.85,1.09
000000000000000121000011096,0.140,6.04,-3.08,1.25
000000000000000121000010223,0.160,5.92,-2.86,1.09
000000000000000121000011096,0.156,6.04,-3.08,1.25
000000000000000121000010223,0.164,5.92,-2.86,1.10
000000000000000121000011096,0.198,6.03,-3.07,1.25
000000000000000121000010223,0.163,5.92,-2.86,1.10
000000000000000121000011096,0.194,6.02,-3.07,1.24
000000000000000121000010223,0.163,5.92,-2.86,1.10
000000000000000121000011096,0.197,6.01,-3.08,1.24
000000000000000121000010223,0.157,5.92,-2.86,1.10
000000000000000121000011096,0.197,6.00,-3.08,1.24
000000000000000121000010223,0.157,5.93,-2.86,1.09
000000000000000121000011096,0.296,5.99,-3.09,1.24
000000000000000121000010223,0.157,5.93,-2.86,1.09
000000000000000121000011096,0.191,5.99,-3.09,1.24
000000000000000121000010223,0.159,5.93,-2.86,1.09
000000000000000121000011096,0.189,5.98,-3.10,1.23
000000000000000121000010223,0.160,5.93,-2.86,1.10
000000000000000121000011096,0.168,5.98,-3.10,1.24
000000000000000121000010223,0.161,5.93,-2.86,1.10
000000000000000121000011096,0.161,5.97,-3.11,1.23
000000000000000121000010223,0.178,5.94,-2.86,1.09
000000000000000121000011096,0.173,5.97,-3.12,1.23
000000000000000121000010223,0.162,5.94,-2.86,1.09
000000000000000121000011096,0.179,5.96,-3.13,1.22
000000000000000121000010223,0.253,5.94,-2.80,1.19
000000000000000121000011096,0.190,5.96,-3.14,1.22
000000000000000121000010223,0.177,5.94,-2.83,1.08
000000000000000121000011096,0.198,5.94,-3.15,1.22
000000000000000121000010223,0.166,5.94,-2.83,1.08
000000000000000121000011096,0.220,5.94,-3.15,1.22
000000000000000121000010223,0.165,5.93,-2.83,1.08
000000000000000121000011096,0.202,5.93,-3.16,1.22
000000000000000121000010223,0.184,5.93,-2.84,1.08
000000000000000121000011096,0.197,5.91,-3.16,1.22
000000000000000121000010223,0.171,5.92,-2.84,1.09
000000000000000121000011096,0.195,5.90,-3.15,1.22
000000000000000121000010223,0.188,5.92,-2.85,1.09
000000000000000121000011096,0.196,5.89,-3.15,1.21
000000000000000121000010223,0.166,5.92,-2.85,1.09
000000000000000121000011096,0.194,5.88,-3.14,1.21
000000000000000121000010223,0.163,5.92,-2.85,1.09
000000000000000121000011096,0.194,5.87,-3.14,1.21
000000000000000121000011096,0.194,5.87,-3.13,1.21
000000000000000121000010223,0.033,5.94,-2.88,0.92
000000000000000121000011096,0.194,5.86,-3.13,1.21
000000000000000121000011096,0.175,5.96,-3.05,1.21
000000000000000121000011096,0.174,5.96,-3.05,1.21
000000000000000121000011096,0.169,5.97,-3.05,1.21
000000000000000121000011096,0.155,5.98,-3.05,1.21
000000000000000121000011096,0.236,5.99,-3.05,1.21
000000000000000121000011096,0.169,6.00,-3.05,1.21
000000000000000121000011096,0.263,6.02,-3.04,1.21
000000000000000121000011096,0.172,6.03,-3.04,1.22
000000000000000121000011096,0.157,6.03,-3.05,1.22
000000000000000121000011096,0.152,6.04,-3.04,1.22
000000000000000121000011096,0.150,6.05,-3.04,1.22
000000000000000121000011096,0.147,6.06,-3.04,1.23
000000000000000121000011096,0.146,6.06,-3.04,1.23
000000000000000121000011096,0.150,6.06,-3.04,1.23
000000000000000121000011096,0.153,6.07,-3.04,1.24
000000000000000121000011096,0.151,6.07,-3.04,1.23
000000000000000121000011096,0.239,6.06,-3.04,1.23
000000000000000121000011096,0.179,6.05,-3.04,1.23
000000000000000121000011096,0.162,6.05,-3.04,1.23
000000000000000121000011096,0.154,6.06,-3.04,1.23
000000000000000121000011096,0.151,6.06,-3.04,1.23
000000000000000121000011096,0.164,6.07,-3.05,1.24
000000000000000121000011096,0.149,6.08,-3.05,1.24
000000000000000121000011096,0.159,6.08,-3.06,1.24
000000000000000121000011096,0.161,6.09,-3.06,1.24
000000000000000121000011096,0.148,6.09,-3.07,1.24
000000000000000121000011096,0.151,6.08,-3.07,1.24
000000000000000121000011096,0.164,6.07,-3.08,1.24
000000000000000121000011096,0.173,6.06,-3.08,1.24
000000000000000121000011096,0.159,6.07,-3.09,1.24
000000000000000121000011096,0.149,6.06,-3.09,1.24
000000000000000121000011096,0.152,6.06,-3.09,1.24
000000000000000121000011096,0.168,6.04,-3.10,1.24
000000000000000121000011096,0.210,6.03,-3.11,1.23
000000000000000121000011096,0.210,6.01,-3.12,1.23
000000000000000121000011096,0.182,6.00,-3.12,1.23
000000000000000121000011096,0.197,5.99,-3.13,1.23
000000000000000121000011096,0.172,5.99,-3.13,1.23
000000000000000121000011096,0.160,5.99,-3.13,1.23
000000000000000121000011096,0.156,5.99,-3.13,1.23
000000000000000121000011096,0.155,5.98,-3.13,1.23
000000000000000121000011096,0.156,5.99,-3.12,1.23
000000000000000121000011096,0.153,5.99,-3.12,1.24
000000000000000121000010223,0.033,5.94,-2.88,0.92
000000000000000121000011096,0.236,6.01,-3.11,1.24
000000000000000121000011096,0.170,6.02,-3.11,1.24
000000000000000121000011096,0.151,6.04,-3.10,1.24
000000000000000121000011096,0.145,6.05,-3.10,1.25
000000000000000121000011096,0.142,6.06,-3.09,1.25
000000000000000121000011096,0.140,6.07,-3.09,1.26
000000000000000121000011096,0.141,6.08,-3.09,1.26
000000000000000121000011096,0.159,6.08,-3.09,1.26
000000000000000121000011096,0.171,6.10,-3.09,1.26
000000000000000121000011096,0.148,6.10,-3.09,1.27
000000000000000121000011096,0.146,6.11,-3.09,1.27
000000000000000121000011096,0.147,6.11,-3.09,1.26
000000000000000121000011096,0.146,6.12,-3.08,1.27
000000000000000121000011096,0.152,6.12,-3.08,1.26
000000000000000121000011096,0.152,6.12,-3.08,1.27
000000000000000121000011096,0.146,6.12,-3.08,1.27
000000000000000121000011096,0.158,6.12,-3.08,1.26
000000000000000121000011096,0.168,6.11,-3.09,1.26
000000000000000121000011096,0.159,6.10,-3.09,1.26
000000000000000121000011096,0.156,6.11,-3.09,1.26
000000000000000121000011096,0.148,6.11,-3.09,1.26
000000000000000121000011096,0.146,6.12,-3.09,1.26
000000000000000121000011096,0.175,6.11,-3.09,1.25
000000000000000121000011096,0.163,6.11,-3.09,1.25
000000000000000121000011096,0.154,6.12,-3.09,1.25
000000000000000121000011096,0.158,6.13,-3.09,1.26
000000000000000121000011096,0.145,6.13,-3.09,1.26
000000000000000121000011096,0.140,6.14,-3.09,1.26
000000000000000121000011096,0.138,6.15,-3.09,1.26
000000000000000121000011096,0.140,6.16,-3.08,1.26
000000000000000121000011096,0.139,6.16,-3.08,1.26
000000000000000121000011096,0.145,6.17,-3.07,1.27
000000000000000121000011096,0.231,6.17,-3.07,1.26
000000000000000121000011096,0.165,6.17,-3.07,1.26
000000000000000121000011096,0.150,6.18,-3.07,1.27
000000000000000121000011096,0.148,6.18,-3.07,1.27
000000000000000121000011096,0.139,6.19,-3.07,1.27
000000000000000121000011096,0.148,6.18,-3.10,1.24
000000000000000121000011096,0.148,6.18,-3.10,1.24
000000000000000121000011096,0.165,6.18,-3.09,1.25
000000000000000121000011096,0.153,6.19,-3.09,1.25
000000000000000121000011096,0.147,6.19,-3.09,1.25
000000000000000121000011096,0.144,6.19,-3.09,1.26
000000000000000121000011096,0.154,6.11,-3.11,1.23
000000000000000121000011096,0.166,6.10,-3.12,1.23
000000000000000121000011096,0.177,6.09,-3.12,1.23
000000000000000121000011096,0.184,6.07,-3.13,1.23
000000000000000121000011096,0.187,6.06,-3.14,1.23
000000000000000121000011096,0.193,6.03,-3.15,1.23
000000000000000121000011096,0.195,6.01,-3.16,1.23
000000000000000121000011096,0.197,5.99,-3.16,1.23
000000000000000121000011096,0.200,5.97,-3.17,1.23
000000000000000121000011096,0.200,5.96,-3.17,1.23
000000000000000121000011096,0.201,5.96,-3.18,1.23
000000000000000121000011096,0.197,5.95,-3.18,1.23
000000000000000121000011096,0.198,5.94,-3.19,1.22
000000000000000121000011096,0.177,5.94,-3.19,1.22
000000000000000121000011096,0.165,5.93,-3.20,1.22
000000000000000121000011096,0.181,5.94,-3.20,1.21
000000000000000121000011096,0.183,5.93,-3.22,1.21
000000000000000121000011096,0.241,5.93,-3.23,1.21
000000000000000121000011096,0.530,5.94,-3.33,1.15
000000000000000121000011096,0.190,5.94,-3.34,1.15
000000000000000121000011096,0.178,6.04,-3.38,1.21
000000000000000121000011096,0.171,6.04,-3.38,1.21
000000000000000121000011096,0.180,6.04,-3.38,1.20
000000000000000121000011096,0.191,6.02,-3.39,1.20
000000000000000121000011096,0.195,6.01,-3.40,1.20
000000000000000121000011096,0.202,6.01,-3.40,1.20
000000000000000121000011096,0.199,6.00,-3.40,1.20
000000000000000121000011096,0.196,6.00,-3.41,1.20
000000000000000121000011096,0.175,5.99,-3.41,1.20
000000000000000121000011096,0.162,5.99,-3.41,1.20
000000000000000121000011096,0.159,5.99,-3.41,1.20
000000000000000121000011096,0.158,5.98,-3.40,1.20
000000000000000121000011096,0.157,5.98,-3.40,1.20
000000000000000121000011096,0.170,5.97,-3.40,1.20
000000000000000121000011096,0.165,5.96,-3.40,1.20
000000000000000121000011096,0.163,5.96,-3.39,1.20
000000000000000121000011096,0.165,5.94,-3.40,1.19
000000000000000121000011096,0.169,5.93,-3.40,1.19
000000000000000121000011096,0.184,5.93,-3.40,1.19
000000000000000121000011096,0.169,5.94,-3.39,1.19
000000000000000121000011096,0.165,5.94,-3.39,1.19
000000000000000121000011096,0.160,5.94,-3.38,1.19
000000000000000121000011096,0.158,5.94,-3.37,1.19
000000000000000121000011096,0.162,5.94,-3.36,1.19
000000000000000121000011096,0.174,5.95,-3.35,1.19
000000000000000121000011096,0.161,5.95,-3.35,1.19
000000000000000121000011096,0.182,5.96,-3.34,1.20
000000000000000121000011096,0.164,5.96,-3.33,1.20
000000000000000121000011096,0.155,5.97,-3.31,1.19
000000000000000121000011096,0.157,5.97,-3.30,1.19
000000000000000121000011096,0.152,5.97,-3.29,1.19
000000000000000121000011096,0.151,5.97,-3.28,1.19
000000000000000121000011096,0.154,5.98,-3.27,1.19
000000000000000121000011096,0.156,5.98,-3.27,1.19
000000000000000121000011096,0.154,5.98,-3.26,1.19
000000000000000121000011096,0.158,5.98,-3.26,1.19
000000000000000121000011096,0.158,5.98,-3.26,1.19
000000000000000121000011096,0.174,5.99,-3.26,1.19
000000000000000121000011096,0.161,5.99,-3.26,1.19
000000000000000121000011096,0.157,5.99,-3.27,1.19
000000000000000121000011096,0.243,5.99,-3.27,1.19
000000000000000121000011096,0.180,5.99,-3.27,1.19
000000000000000121000011096,0.166,5.99,-3.27,1.19
000000000000000121000011096,0.158,5.99,-3.27,1.19
000000000000000121000011096,0.156,5.99,-3.27,1.19
000000000000000121000011096,0.157,5.99,-3.26,1.19
000000000000000121000011096,0.154,5.99,-3.26,1.19
000000000000000121000011096,0.158,6.00,-3.25,1.19
000000000000000121000011096,0.150,6.00,-3.25,1.19
000000000000000121000011096,0.153,6.01,-3.25,1.19
000000000000000121000011096,0.157,6.00,-3.25,1.19
000000000000000121000011096,0.223,6.00,-3.25,1.19
000000000000000121000011096,0.166,6.00,-3.25,1.19
000000000000000121000011096,0.160,6.00,-3.24,1.19
000000000000000121000011096,0.156,5.99,-3.23,1.19
000000000000000121000010223,0.105,5.92,-2.84,0.95
000000000000000121000011096,0.155,5.99,-3.22,1.19
000000000000000121000010223,0.152,5.97,-2.86,1.09
000000000000000121000011096,0.160,5.99,-3.22,1.19
000000000000000121000010223,0.138,5.97,-2.86,1.09
000000000000000121000011096,0.157,5.99,-3.22,1.19
000000000000000121000010223,0.151,5.97,-2.86,1.09
000000000000000121000011096,0.157,5.98,-3.21,1.19
000000000000000121000010223,0.150,5.97,-2.86,1.09
000000000000000121000011096,0.153,5.99,-3.20,1.20
000000000000000121000010223,0.156,5.98,-2.87,1.09
000000000000000121000011096,0.153,5.99,-3.20,1.20
000000000000000121000010223,0.154,5.98,-2.87,1.10
000000000000000121000011096,0.172,5.99,-3.19,1.20
000000000000000121000010223,0.157,5.98,-2.87,1.09
000000000000000121000011096,0.179,5.99,-3.19,1.20
000000000000000121000010223,0.153,5.98,-2.87,1.10
000000000000000121000011096,0.165,6.00,-3.19,1.20
000000000000000121000010223,0.157,5.98,-2.86,1.10
000000000000000121000011096,0.176,5.99,-3.19,1.20
000000000000000121000010223,0.157,5.99,-2.86,1.10
000000000000000121000011096,0.169,5.99,-3.19,1.20
000000000000000121000010223,0.156,5.99,-2.86,1.10
000000000000000121000011096,0.161,5.99,-3.19,1.21
000000000000000121000010223,0.156,5.99,-2.86,1.10
000000000000000121000011096,0.171,5.99,-3.18,1.21
000000000000000121000010223,0.156,5.99,-2.86,1.10
000000000000000121000011096,0.159,5.99,-3.17,1.21
000000000000000121000010223,0.159,5.99,-2.86,1.10
000000000000000121000011096,0.151,5.99,-3.17,1.21
000000000000000121000010223,0.248,5.96,-2.81,1.20
000000000000000121000011096,0.154,5.98,-3.17,1.21
000000000000000121000010223,0.183,5.91,-2.83,1.07
000000000000000121000011096,0.161,5.97,-3.17,1.21
000000000000000121000010223,0.281,5.90,-2.83,1.20
000000000000000121000011096,0.157,5.96,-3.18,1.21
000000000000000121000010223,0.195,5.88,-2.87,1.08
000000000000000121000011096,0.157,5.96,-3.19,1.21
000000000000000121000010223,0.202,5.89,-2.87,1.08
000000000000000121000011096,0.159,5.97,-3.19,1.21
000000000000000121000010223,0.174,5.89,-2.87,1.09
000000000000000121000011096,0.154,5.98,-3.19,1.21
000000000000000121000010223,0.164,5.89,-2.87,1.09
000000000000000121000011096,0.148,5.99,-3.19,1.21
000000000000000121000010223,0.159,5.89,-2.87,1.09
000000000000000121000011096,0.147,6.00,-3.20,1.21
000000000000000121000010223,0.160,5.89,-2.87,1.09
000000000000000121000011096,0.164,6.00,-3.20,1.21
000000000000000121000010223,0.164,5.89,-2.87,1.09
000000000000000121000011096,0.159,6.01,-3.21,1.21
000000000000000121000010223,0.163,5.90,-2.86,1.09
000000000000000121000011096,0.153,6.02,-3.20,1.21
000000000000000121000010223,0.158,5.91,-2.86,1.09
000000000000000121000011096,0.152,6.03,-3.21,1.21
000000000000000121000010223,0.156,5.91,-2.86,1.09
000000000000000121000011096,0.184,6.03,-3.22,1.21
000000000000000121000010223,0.155,5.91,-2.86,1.09
000000000000000121000011096,0.168,6.04,-3.23,1.21
000000000000000121000010223,0.156,5.91,-2.86,1.09
000000000000000121000011096,0.171,6.04,-3.23,1.21
000000000000000121000010223,0.159,5.91,-2.86,1.09
000000000000000121000011096,0.160,6.05,-3.24,1.21
000000000000000121000010223,0.173,5.92,-2.86,1.09
000000000000000121000011096,0.151,6.05,-3.24,1.21
000000000000000121000010223,0.164,5.92,-2.86,1.09
000000000000000121000011096,0.152,6.05,-3.25,1.21
000000000000000121000010223,0.163,5.93,-2.86,1.09
000000000000000121000011096,0.152,6.05,-3.25,1.21
000000000000000121000010223,0.157,5.93,-2.86,1.09
000000000000000121000011096,0.153,6.05,-3.25,1.21
000000000000000121000010223,0.155,5.94,-2.86,1.09
000000000000000121000011096,0.170,6.04,-3.25,1.20
000000000000000121000010223,0.154,5.94,-2.86,1.09
000000000000000121000011096,0.163,6.05,-3.25,1.21
000000000000000121000010223,0.179,5.95,-2.86,1.09
000000000000000121000011096,0.154,6.05,-3.24,1.21
000000000000000121000010223,0.159,5.96,-2.86,1.09
000000000000000121000011096,0.165,6.05,-3.23,1.21
000000000000000121000010223,0.156,5.96,-2.86,1.09
000000000000000121000011096,0.154,6.05,-3.22,1.21
000000000000000121000010223,0.154,5.97,-2.86,1.09
000000000000000121000011096,0.234,6.04,-3.21,1.21
000000000000000121000010223,0.155,5.97,-2.86,1.09
000000000000000121000011096,0.175,6.03,-3.21,1.20
000000000000000121000010223,0.151,5.98,-2.86,1.09
000000000000000121000011096,0.183,6.02,-3.21,1.20
000000000000000121000010223,0.150,5.99,-2.86,1.09
000000000000000121000011096,0.192,6.02,-3.21,1.20
000000000000000121000010223,0.152,5.99,-2.86,1.09
000000000000000121000011096,0.192,6.02,-3.21,1.20
000000000000000121000010223,0.166,5.99,-2.86,1.09
000000000000000121000011096,0.185,6.03,-3.21,1.20
000000000000000121000010223,0.161,6.00,-2.86,1.09
000000000000000121000011096,0.163,6.03,-3.21,1.20
000000000000000121000010223,0.158,5.99,-2.86,1.09
000000000000000121000011096,0.171,6.04,-3.21,1.20
000000000000000121000010223,0.159,6.00,-2.86,1.09
000000000000000121000011096,0.156,6.05,-3.20,1.20
000000000000000121000010223,0.153,5.99,-2.87,1.09
000000000000000121000011096,0.160,6.05,-3.21,1.20
000000000000000121000010223,0.153,5.99,-2.87,1.09
000000000000000121000011096,0.161,6.05,-3.21,1.20
000000000000000121000010223,0.152,5.99,-2.86,1.09
000000000000000121000011096,0.156,6.05,-3.21,1.20
000000000000000121000010223,0.153,5.98,-2.86,1.09
000000000000000121000011096,0.154,6.04,-3.21,1.20
000000000000000121000010223,0.154,5.98,-2.86,1.09
000000000000000121000011096,0.155,6.04,-3.21,1.20
000000000000000121000010223,0.177,5.98,-2.86,1.09
000000000000000121000011096,0.171,6.04,-3.20,1.20
000000000000000121000010223,0.198,5.97,-2.86,1.09
000000000000000121000011096,0.159,6.04,-3.20,1.20
000000000000000121000010223,0.173,5.97,-2.86,1.09
000000000000000121000011096,0.175,6.05,-3.18,1.20
000000000000000121000010223,0.165,5.97,-2.86,1.09
000000000000000121000011096,0.316,6.05,-3.17,1.20
000000000000000121000010223,0.155,5.97,-2.86,1.09
000000000000000121000011096,0.192,6.04,-3.16,1.20
000000000000000121000010223,0.155,5.97,-2.85,1.09
000000000000000121000011096,0.166,5.88,-3.21,1.15
000000000000000121000010223,0.155,5.97,-2.85,1.09
000000000000000121000011096,0.163,5.88,-3.22,1.15
000000000000000121000010223,0.158,5.97,-2.85,1.09
000000000000000121000011096,0.160,5.88,-3.23,1.15
000000000000000121000010223,0.183,5.97,-2.85,1.09
000000000000000121000011096,0.162,5.88,-3.24,1.15
000000000000000121000010223,0.163,5.96,-2.85,1.09
000000000000000121000011096,0.168,5.87,-3.25,1.15
000000000000000121000010223,0.160,5.97,-2.85,1.09
000000000000000121000011096,0.164,5.87,-3.26,1.16
000000000000000121000010223,0.156,5.96,-2.85,1.09
000000000000000121000011096,0.181,5.87,-3.26,1.16
000000000000000121000010223,0.156,5.95,-2.85,1.09
000000000000000121000011096,0.173,5.87,-3.27,1.16
000000000000000121000010223,0.180,5.96,-2.85,1.09
000000000000000121000011096,0.164,5.87,-3.27,1.16
000000000000000121000010223,0.192,5.96,-2.85,1.09
000000000000000121000011096,0.160,5.88,-3.28,1.16
000000000000000121000010223,0.167,5.95,-2.84,1.09
000000000000000121000011096,0.237,5.88,-3.28,1.16
000000000000000121000010223,0.164,5.96,-2.84,1.09
000000000000000121000011096,0.190,5.89,-3.28,1.17
000000000000000121000010223,0.184,5.96,-2.84,1.09
000000000000000121000011096,0.273,5.89,-3.28,1.17
000000000000000121000010223,0.166,5.97,-2.84,1.09
000000000000000121000011096,0.184,5.90,-3.28,1.17
000000000000000121000010223,0.159,5.97,-2.85,1.09
000000000000000121000011096,0.179,5.91,-3.28,1.17
000000000000000121000010223,0.156,5.97,-2.85,1.09
000000000000000121000011096,0.168,5.92,-3.28,1.17
000000000000000121000011096,0.170,5.92,-3.28,1.17
000000000000000121000010223,0.255,5.90,-2.85,0.91
000000000000000121000011096,0.162,5.93,-3.28,1.17
000000000000000121000011096,0.159,5.93,-3.28,1.17
000000000000000121000011096,0.156,5.93,-3.28,1.17
000000000000000121000011096,0.156,5.93,-3.27,1.18
000000000000000121000011096,0.197,5.93,-3.27,1.18
000000000000000121000011096,0.526,5.86,-3.21,1.10
000000000000000121000011096,0.173,5.87,-3.21,1.11
000000000000000121000011096,0.151,5.87,-3.21,1.12
000000000000000121000011096,0.149,5.88,-3.21,1.12
000000000000000121000011096,0.150,5.89,-3.21,1.13
000000000000000121000011096,0.164,5.90,-3.21,1.13
000000000000000121000011096,0.170,5.91,-3.22,1.14
000000000000000121000011096,0.176,5.92,-3.22,1.14
000000000000000121000011096,0.213,5.93,-3.22,1.14
000000000000000121000011096,0.173,5.93,-3.22,1.15
000000000000000121000011096,0.162,5.94,-3.22,1.15
000000000000000121000011096,0.161,5.94,-3.22,1.15
000000000000000121000011096,0.243,5.93,-3.22,1.15
000000000000000121000011096,0.194,5.93,-3.22,1.16
000000000000000121000011096,0.171,5.93,-3.22,1.16
000000000000000121000011096,0.164,5.93,-3.23,1.16
000000000000000121000011096,0.160,5.93,-3.23,1.16
000000000000000121000011096,0.158,5.93,-3.23,1.16
000000000000000121000011096,0.159,5.92,-3.23,1.16
000000000000000121000011096,0.173,5.92,-3.23,1.16
000000000000000121000011096,0.164,5.92,-3.23,1.16
000000000000000121000011096,0.160,5.92,-3.23,1.16
000000000000000121000010223,0.329,5.81,-2.83,0.93
000000000000000121000011096,0.175,5.92,-3.24,1.16
000000000000000121000010223,0.160,5.87,-2.84,1.11
000000000000000121000011096,0.186,5.92,-3.24,1.16
000000000000000121000010223,0.149,5.87,-2.84,1.11
000000000000000121000011096,0.190,5.91,-3.24,1.16
000000000000000121000010223,0.151,5.87,-2.84,1.11
000000000000000121000011096,0.198,5.90,-3.25,1.16
000000000000000121000010223,0.155,5.87,-2.83,1.11
000000000000000121000011096,0.180,5.91,-3.25,1.16
000000000000000121000010223,0.155,5.87,-2.83,1.11
000000000000000121000011096,0.192,5.91,-3.25,1.16
000000000000000121000010223,0.163,5.88,-2.83,1.10
000000000000000121000011096,0.169,5.91,-3.25,1.16
000000000000000121000010223,0.166,5.88,-2.84,1.10
000000000000000121000011096,0.166,5.91,-3.25,1.16
000000000000000121000010223,0.157,5.89,-2.84,1.10
000000000000000121000011096,0.202,5.91,-3.25,1.16
000000000000000121000010223,0.156,5.89,-2.84,1.10
000000000000000121000011096,0.200,5.91,-3.25,1.16
000000000000000121000010223,0.158,5.90,-2.84,1.10
000000000000000121000011096,0.291,5.90,-3.26,1.17
000000000000000121000010223,0.160,5.91,-2.84,1.10
000000000000000121000011096,0.228,5.89,-3.26,1.16
000000000000000121000010223,0.155,5.91,-2.84,1.10
000000000000000121000011096,0.184,5.89,-3.26,1.16
000000000000000121000010223,0.158,5.92,-2.84,1.10
000000000000000121000011096,0.170,5.89,-3.27,1.16
000000000000000121000010223,0.152,5.92,-2.84,1.10
000000000000000121000011096,0.164,5.89,-3.27,1.16
000000000000000121000010223,0.157,5.92,-2.84,1.10
000000000000000121000011096,0.165,5.89,-3.27,1.16
000000000000000121000010223,0.154,5.93,-2.84,1.10
000000000000000121000011096,0.181,5.89,-3.27,1.16
000000000000000121000010223,0.153,5.93,-2.84,1.10
000000000000000121000011096,0.168,5.90,-3.27,1.16
000000000000000121000010223,0.162,5.92,-2.84,1.10
000000000000000121000011096,0.159,5.90,-3.27,1.16
000000000000000121000010223,0.163,5.92,-2.84,1.10
000000000000000121000011096,0.159,5.90,-3.27,1.16
000000000000000121000010223,0.262,5.92,-2.84,1.11
000000000000000121000011096,0.160,5.89,-3.27,1.16
000000000000000121000010223,0.393,5.81,-2.85,0.97
000000000000000121000011096,0.176,5.89,-3.28,1.16
000000000000000121000010223,0.157,5.82,-2.85,1.09
000000000000000121000011096,0.170,5.89,-3.28,1.16
000000000000000121000010223,0.147,5.82,-2.85,1.09
000000000000000121000011096,0.164,5.90,-3.28,1.16
000000000000000121000010223,0.151,5.82,-2.85,1.09
000000000000000121000011096,0.160,5.90,-3.27,1.16
000000000000000121000010223,0.157,5.83,-2.85,1.09
000000000000000121000011096,0.158,5.90,-3.27,1.16
000000000000000121000010223,0.165,5.83,-2.85,1.09
000000000000000121000010223,0.167,5.84,-2.84,1.10
000000000000000121000011096,0.163,5.99,-3.23,1.19
000000000000000121000010223,0.162,5.85,-2.84,1.10
000000000000000121000010223,0.174,5.86,-2.85,1.10
000000000000000121000010223,0.161,5.87,-2.85,1.10
000000000000000121000010223,0.158,5.87,-2.85,1.10
000000000000000121000010223,0.181,5.88,-2.85,1.10
000000000000000121000010223,0.168,5.89,-2.86,1.10
000000000000000121000010223,0.162,5.90,-2.86,1.10
000000000000000121000010223,0.156,5.91,-2.86,1.11
000000000000000121000010223,0.153,5.92,-2.87,1.11
000000000000000121000010223,0.154,5.92,-2.87,1.11
000000000000000121000010223,0.166,5.93,-2.87,1.11
000000000000000121000010223,0.161,5.94,-2.87,1.11
000000000000000121000010223,0.158,5.94,-2.87,1.11
000000000000000121000010223,0.156,5.93,-2.87,1.11
000000000000000121000010223,0.156,5.93,-2.87,1.11
000000000000000121000010223,0.161,5.93,-2.87,1.11
000000000000000121000010223,0.175,5.92,-2.87,1.11
000000000000000121000010223,0.170,5.92,-2.87,1.11
000000000000000121000010223,0.167,5.92,-2.87,1.11
000000000000000121000010223,0.159,5.92,-2.87,1.11
000000000000000121000010223,0.157,5.92,-2.88,1.11
000000000000000121000010223,0.162,5.91,-2.88,1.11
000000000000000121000010223,0.158,5.91,-2.88,1.11
000000000000000121000010223,0.158,5.90,-2.87,1.11
000000000000000121000010223,0.160,5.90,-2.87,1.11
000000000000000121000010223,0.164,5.90,-2.87,1.11
000000000000000121000010223,0.158,5.90,-2.87,1.11
000000000000000121000010223,0.161,5.89,-2.87,1.11
000000000000000121000010223,0.160,5.88,-2.87,1.11
000000000000000121000010223,0.163,5.88,-2.87,1.11
000000000000000121000010223,0.165,5.88,-2.86,1.11
000000000000000121000010223,0.163,5.88,-2.86,1.11
000000000000000121000010223,0.187,5.89,-2.86,1.11
000000000000000121000010223,0.167,5.89,-2.86,1.12
000000000000000121000010223,0.164,5.89,-2.86,1.12
000000000000000121000010223,0.256,5.90,-2.86,1.12
000000000000000121000010223,0.181,5.87,-2.86,1.10
000000000000000121000010223,0.172,5.87,-2.86,1.10
000000000000000121000010223,0.163,5.87,-2.86,1.10
000000000000000121000010223,0.161,5.87,-2.86,1.10
000000000000000121000010223,0.186,5.87,-2.86,1.10
000000000000000121000010223,0.202,5.88,-2.87,1.10
000000000000000121000010223,0.197,5.88,-2.87,1.11
000000000000000121000011096,0.163,5.99,-3.23,1.19
000000000000000121000010223,0.171,5.89,-2.87,1.11
000000000000000121000010223,0.191,5.89,-2.87,1.11
000000000000000121000010223,0.172,5.90,-2.87,1.11
000000000000000121000010223,0.167,5.89,-2.87,1.11
000000000000000121000010223,0.168,5.89,-2.87,1.11
000000000000000121000010223,0.164,5.90,-2.87,1.11
000000000000000121000010223,0.163,5.90,-2.87,1.11
000000000000000121000010223,0.156,5.91,-2.87,1.11
000000000000000121000010223,0.243,5.96,-2.84,1.21
000000000000000121000010223,0.176,5.96,-2.84,1.20
000000000000000121000010223,0.162,5.96,-2.85,1.19
000000000000000121000010223,0.155,5.96,-2.85,1.18
000000000000000121000010223,0.157,5.96,-2.85,1.18
000000000000000121000010223,0.158,5.96,-2.85,1.17
000000000000000121000010223,0.155,5.95,-2.85,1.17
000000000000000121000010223,0.158,5.95,-2.85,1.16
000000000000000121000010223,0.161,5.95,-2.85,1.15
000000000000000121000010223,0.158,5.95,-2.85,1.15
000000000000000121000010223,0.245,5.96,-2.85,1.15
000000000000000121000010223,0.179,5.96,-2.83,1.09
000000000000000121000010223,0.165,5.96,-2.83,1.09
000000000000000121000010223,0.188,5.96,-2.83,1.09
000000000000000121000010223,0.189,5.97,-2.83,1.10
000000000000000121000010223,0.166,5.97,-2.84,1.10
000000000000000121000010223,0.156,5.97,-2.84,1.10
000000000000000121000010223,0.155,5.97,-2.84,1.10
000000000000000121000010223,0.155,5.97,-2.85,1.10
000000000000000121000010223,0.159,5.96,-2.85,1.10
000000000000000121000010223,0.161,5.97,-2.85,1.10
000000000000000121000010223,0.155,5.97,-2.85,1.10
000000000000000121000010223,0.156,5.98,-2.85,1.10
000000000000000121000010223,0.153,5.98,-2.85,1.10
000000000000000121000010223,0.152,5.99,-2.86,1.10
000000000000000121000010223,0.151,5.99,-2.86,1.10
000000000000000121000010223,0.153,6.00,-2.86,1.10
000000000000000121000010223,0.169,6.00,-2.86,1.11
000000000000000121000010223,0.181,6.01,-2.86,1.10
000000000000000121000010223,0.162,6.03,-2.86,1.11
000000000000000121000010223,0.150,6.03,-2.86,1.10
000000000000000121000010223,0.171,6.04,-2.86,1.10
000000000000000121000010223,0.158,6.04,-2.85,1.10
000000000000000121000010223,0.157,6.03,-2.85,1.10
000000000000000121000010223,0.158,6.02,-2.85,1.10
000000000000000121000010223,0.158,6.02,-2.85,1.09
000000000000000121000010223,0.160,6.01,-2.85,1.09
000000000000000121000010223,0.159,6.00,-2.85,1.09
000000000000000121000010223,0.160,5.99,-2.86,1.09
000000000000000121000010223,0.162,5.98,-2.86,1.10
000000000000000121000010223,0.159,5.98,-2.86,1.10
000000000000000121000010223,0.235,5.98,-2.86,1.10
000000000000000121000010223,0.176,5.97,-2.86,1.10
000000000000000121000010223,0.170,5.97,-2.86,1.10
000000000000000121000010223,0.164,5.96,-2.86,1.10
000000000000000121000010223,0.160,5.97,-2.86,1.10
000000000000000121000010223,0.156,5.97,-2.86,1.10
000000000000000121000010223,0.156,5.98,-2.86,1.10
000000000000000121000010223,0.177,5.99,-2.86,1.09
000000000000000121000010223,0.159,5.99,-2.86,1.09
000000000000000121000010223,0.155,5.99,-2.86,1.09
000000000000000121000010223,0.156,5.99,-2.86,1.09
000000000000000121000010223,0.157,5.99,-2.86,1.09
000000000000000121000010223,0.158,5.99,-2.86,1.09
000000000000000121000010223,0.157,5.99,-2.86,1.09
000000000000000121000010223,0.159,5.98,-2.86,1.09
000000000000000121000010223,0.158,5.97,-2.87,1.09
000000000000000121000010223,0.160,5.97,-2.87,1.10
000000000000000121000010223,0.161,5.96,-2.87,1.10
000000000000000121000010223,0.160,5.96,-2.86,1.10
000000000000000121000010223,0.160,5.95,-2.86,1.10
000000000000000121000010223,0.161,5.94,-2.86,1.10
000000000000000121000010223,0.159,5.94,-2.87,1.10
000000000000000121000010223,0.158,5.93,-2.87,1.10
000000000000000121000010223,0.156,5.93,-2.87,1.10
000000000000000121000010223,0.154,5.93,-2.87,1.10
000000000000000121000010223,0.159,5.93,-2.87,1.10
000000000000000121000010223,0.160,5.93,-2.87,1.10
000000000000000121000010223,0.162,5.93,-2.87,1.10
000000000000000121000010223,0.253,5.92,-2.87,1.11
000000000000000121000010223,0.227,5.92,-2.87,1.11
000000000000000121000010223,0.178,5.93,-2.87,1.11
000000000000000121000010223,0.164,5.93,-2.88,1.11
000000000000000121000010223,0.158,5.93,-2.88,1.11
000000000000000121000010223,0.157,5.94,-2.88,1.11
000000000000000121000011096,0.050,5.95,-3.18,1.08
000000000000000121000010223,0.154,5.94,-2.88,1.11
000000000000000121000011096,0.165,5.95,-3.19,1.09
000000000000000121000010223,0.156,5.94,-2.88,1.11
000000000000000121000011096,0.147,5.94,-3.19,1.09
000000000000000121000010223,0.158,5.94,-2.87,1.11
000000000000000121000011096,0.148,5.93,-3.19,1.10
000000000000000121000010223,0.159,5.93,-2.87,1.10
000000000000000121000011096,0.154,5.92,-3.20,1.10
000000000000000121000010223,0.159,5.93,-2.87,1.10
000000000000000121000011096,0.158,5.92,-3.19,1.11
000000000000000121000010223,0.157,5.93,-2.87,1.10
000000000000000121000011096,0.162,5.92,-3.19,1.11
000000000000000121000010223,0.155,5.93,-2.87,1.10
000000000000000121000011096,0.162,5.92,-3.19,1.11
000000000000000121000010223,0.156,5.93,-2.86,1.10
000000000000000121000011096,0.162,5.92,-3.20,1.12
000000000000000121000010223,0.158,5.93,-2.86,1.10
000000000000000121000011096,0.159,5.92,-3.20,1.12
000000000000000121000010223,0.156,5.93,-2.86,1.09
000000000000000121000011096,0.161,5.91,-3.20,1.13
000000000000000121000010223,0.160,5.93,-2.86,1.10
000000000000000121000011096,0.159,5.91,-3.20,1.13
000000000000000121000010223,0.159,5.93,-2.86,1.09
000000000000000121000011096,0.203,5.91,-3.19,1.13
000000000000000121000010223,0.162,5.93,-2.86,1.09
000000000000000121000011096,0.132,5.84,-3.20,1.06
000000000000000121000010223,0.163,5.93,-2.86,1.09
000000000000000121000011096,0.172,5.84,-3.21,1.07
000000000000000121000010223,0.161,5.93,-2.85,1.10
000000000000000121000011096,0.153,5.84,-3.21,1.08
000000000000000121000010223,0.160,5.93,-2.85,1.10
000000000000000121000011096,0.153,5.83,-3.21,1.08
000000000000000121000010223,0.178,5.93,-2.85,1.09
000000000000000121000011096,0.175,5.84,-3.21,1.09
000000000000000121000010223,0.164,5.93,-2.85,1.09
000000000000000121000011096,0.180,5.85,-3.21,1.10
000000000000000121000010223,0.182,5.93,-2.85,1.10
000000000000000121000011096,0.167,5.85,-3.21,1.10
000000000000000121000010223,0.167,5.93,-2.85,1.10
000000000000000121000011096,0.165,5.85,-3.21,1.10
000000000000000121000010223,0.189,5.93,-2.85,1.10
000000000000000121000011096,0.161,5.86,-3.21,1.11
000000000000000121000010223,0.189,5.93,-2.86,1.10
000000000000000121000011096,0.161,5.86,-3.21,1.11
000000000000000121000010223,0.167,5.93,-2.86,1.10
000000000000000121000011096,0.161,5.85,-3.21,1.11
000000000000000121000010223,0.162,5.92,-2.86,1.10
000000000000000121000011096,0.162,5.85,-3.21,1.12
000000000000000121000010223,0.162,5.92,-2.87,1.10
000000000000000121000011096,0.164,5.86,-3.21,1.12
000000000000000121000010223,0.162,5.92,-2.87,1.11
000000000000000121000011096,0.179,5.87,-3.21,1.13
000000000000000121000010223,0.183,5.92,-2.87,1.10
000000000000000121000011096,0.165,5.88,-3.21,1.13
000000000000000121000010223,0.193,5.93,-2.87,1.10
000000000000000121000011096,0.160,5.89,-3.21,1.13
000000000000000121000010223,0.202,5.94,-2.87,1.10
000000000000000121000011096,0.173,5.89,-3.21,1.13
000000000000000121000010223,0.298,5.95,-2.87,1.11
000000000000000121000011096,0.187,5.89,-3.22,1.13
000000000000000121000010223,0.189,5.95,-2.87,1.11
000000000000000121000011096,0.238,5.89,-3.22,1.13
000000000000000121000010223,0.195,5.96,-2.86,1.11
000000000000000121000011096,0.001,6.05,-3.17,1.13
000000000000000121000010223,0.169,5.97,-2.86,1.11
